ID,bottleneck,timepoint,pfu,cfu,raw,dilution,treatment
1,2,t0,1.10E+04,1.50E+06,50,3.00E+04,exp
2,2,t0,9.00E+03,1.29E+06,43,3.00E+04,exp
3,2,t0,8.00E+03,1.20E+06,40,3.00E+04,exp
4,2,t0,1.20E+04,1.50E+06,50,3.00E+04,exp
5,2,t0,1.60E+04,1.89E+06,63,3.00E+04,exp
6,2,t0,2.60E+04,1.89E+06,63,3.00E+04,exp
1,3,t0,1.20E+04,1.80E+06,60,3.00E+04,exp
2,3,t0,1.00E+04,2.16E+06,72,3.00E+04,exp
3,3,t0,8.00E+03,2.04E+06,68,3.00E+04,exp
4,3,t0,9.00E+03,2.70E+06,90,3.00E+04,exp
5,3,t0,8.00E+03,2.22E+06,74,3.00E+04,exp
6,3,t0,1.00E+04,1.35E+06,45,3.00E+04,exp
1,4,t0,8.00E+03,1.74E+06,58,3.00E+04,exp
2,4,t0,9.00E+03,1.86E+06,62,3.00E+04,exp
3,4,t0,1.10E+04,1.74E+06,58,3.00E+04,exp
4,4,t0,8.00E+03,2.25E+06,75,3.00E+04,exp
5,4,t0,8.00E+03,2.31E+06,77,3.00E+04,exp
6,4,t0,1.00E+04,2.37E+06,79,3.00E+04,exp
1,5,t0,1.00E+04,3.00E+05,100,3.00E+03,exp
2,5,t0,1.00E+04,1.74E+05,58,3.00E+03,exp
3,5,t0,6.00E+03,6.78E+05,226,3.00E+03,exp
4,5,t0,1.10E+04,7.50E+04,25,3.00E+03,exp
5,5,t0,1.20E+04,1.41E+05,47,3.00E+03,exp
6,5,t0,1.20E+04,4.50E+04,15,3.00E+03,exp
1,6,t0,1.00E+04,1.26E+06,42,3.00E+04,exp
2,6,t0,8.00E+03,1.62E+06,54,3.00E+04,exp
3,6,t0,8.00E+03,7.50E+05,25,3.00E+04,exp
4,6,t0,1.10E+04,1.68E+06,56,3.00E+04,exp
5,6,t0,1.00E+04,1.38E+06,46,3.00E+04,exp
6,6,t0,1.20E+04,1.44E+06,48,3.00E+04,exp
1,7,t0,1.00E+04,2.13E+06,71,3.00E+04,exp
2,7,t0,1.60E+04,1.68E+06,56,3.00E+04,exp
3,7,t0,1.00E+04,1.32E+06,44,3.00E+04,exp
4,7,t0,8.00E+03,1.29E+06,43,3.00E+04,exp
5,7,t0,1.10E+04,1.44E+06,48,3.00E+04,exp
6,7,t0,8.00E+03,1.38E+06,46,3.00E+04,exp
1,8,t0,1.00E+04,1.56E+06,52,3.00E+04,exp
2,8,t0,8.00E+03,7.20E+05,24,3.00E+04,exp
3,8,t0,1.20E+04,1.53E+06,51,3.00E+04,exp
4,8,t0,8.00E+03,1.27E+06,424,3.00E+03,exp
5,8,t0,6.00E+03,7.62E+05,254,3.00E+03,exp
6,8,t0,8.00E+03,1.54E+06,512,3.00E+03,exp
1,9,t0,1.00E+04,1.17E+06,39,3.00E+04,exp
2,9,t0,1.10E+04,7.20E+05,240,3.00E+03,exp
3,9,t0,1.10E+04,6.42E+05,214,3.00E+03,exp
4,9,t0,1.00E+04,4.98E+05,166,3.00E+03,exp
5,9,t0,8.00E+03,9.30E+05,310,3.00E+03,exp
6,9,t0,8.00E+03,8.58E+05,286,3.00E+03,exp
1,2,t1,1.00E+12,1.74E+06,58,3.00E+04,exp
2,2,t1,2.00E+10,1.02E+06,34,3.00E+04,exp
3,2,t1,1.80E+10,1.50E+05,5,3.00E+04,exp
4,2,t1,2.20E+10,3.47E+05,1156,3.00E+02,exp
5,2,t1,2.00E+10,2.10E+05,7,3.00E+04,exp
6,2,t1,1.80E+11,2.34E+06,78,3.00E+04,exp
1,3,t1,4.40E+10,6.60E+05,22,3.00E+04,exp
2,3,t1,4.20E+10,7.80E+05,26,3.00E+04,exp
3,3,t1,4.80E+11,3.00E+05,10,3.00E+04,exp
4,3,t1,3.80E+10,1.22E+05,408,3.00E+02,exp
5,3,t1,1.00E+12,1.20E+06,400,3.00E+03,exp
6,3,t1,4.40E+10,1.08E+07,360,3.00E+04,exp
1,4,t1,1.00E+12,1.26E+06,42,3.00E+04,exp
2,4,t1,4.20E+10,3.00E+05,10,3.00E+04,exp
3,4,t1,1.00E+12,4.29E+06,143,3.00E+04,exp
4,4,t1,4.80E+11,8.70E+05,29,3.00E+04,exp
5,4,t1,4.80E+11,3.00E+06,100,3.00E+04,exp
6,4,t1,1.00E+12,3.30E+05,11,3.00E+04,exp
1,5,t1,4.60E+10,8.40E+05,28,3.00E+04,exp
2,5,t1,6.60E+11,5.40E+05,18,3.00E+04,exp
3,5,t1,8.00E+11,8.70E+05,29,3.00E+04,exp
4,5,t1,8.00E+11,1.20E+05,4,3.00E+04,exp
5,5,t1,5.40E+11,1.32E+06,44,3.00E+04,exp
6,5,t1,1.60E+10,1.50E+05,5,3.00E+04,exp
1,6,t1,3.40E+10,1.50E+05,5,3.00E+04,exp
2,6,t1,3.80E+11,1.50E+07,50,3.00E+05,exp
3,6,t1,2.80E+11,2.40E+05,8,3.00E+04,exp
4,6,t1,1.00E+11,3.00E+05,10,3.00E+04,exp
5,6,t1,1.00E+10,2.70E+05,9,3.00E+04,exp
6,6,t1,6.80E+09,1.80E+05,6,3.00E+04,exp
1,7,t1,3.80E+10,1.22E+06,408,3.00E+03,exp
2,7,t1,1.60E+10,7.92E+05,264,3.00E+03,exp
3,7,t1,2.20E+11,5.31E+05,177,3.00E+03,exp
4,7,t1,2.80E+10,1.55E+06,516,3.00E+03,exp
5,7,t1,1.40E+11,1.15E+06,384,3.00E+03,exp
6,7,t1,1.00E+10,7.50E+05,250,3.00E+03,exp
1,8,t1,3.60E+10,5.40E+05,18,3.00E+04,exp
2,8,t1,3.20E+10,3.60E+05,12,3.00E+04,exp
3,8,t1,5.20E+11,4.08E+06,136,3.00E+04,exp
4,8,t1,1.80E+10,2.10E+05,7,3.00E+04,exp
5,8,t1,3.80E+11,1.37E+07,456,3.00E+04,exp
6,8,t1,2.60E+11,4.50E+05,15,3.00E+04,exp
1,9,t1,2.00E+10,1.50E+05,5,3.00E+04,exp
2,9,t1,1.00E+11,1.47E+04,49,3.00E+02,exp
3,9,t1,4.20E+09,1.69E+07,564,3.00E+04,exp
4,9,t1,2.60E+10,1.47E+06,49,3.00E+04,exp
5,9,t1,2.00E+11,3.18E+06,106,3.00E+04,exp
6,9,t1,2.80E+10,1.89E+06,63,3.00E+04,exp
1,2,t2,4.40E+08,9.84E+06,328,3.00E+04,exp
2,2,t2,4.40E+08,2.58E+06,86,3.00E+04,exp
3,2,t2,3.00E+08,7.20E+05,24,3.00E+04,exp
4,2,t2,5.20E+06,3.18E+07,1060,3.00E+04,exp
5,2,t2,5.00E+07,2.12E+07,708,3.00E+04,exp
6,2,t2,5.60E+08,3.12E+06,104,3.00E+04,exp
1,3,t2,1.00E+09,1.98E+07,660,3.00E+04,exp
2,3,t2,8.00E+08,1.44E+06,48,3.00E+04,exp
3,3,t2,1.20E+09,3.78E+06,126,3.00E+04,exp
4,3,t2,1.00E+10,1.26E+06,42,3.00E+04,exp
5,3,t2,1.00E+09,7.50E+05,25,3.00E+04,exp
6,3,t2,1.00E+08,1.80E+07,600,3.00E+04,exp
1,4,t2,6.00E+09,3.00E+04,15,2000,exp
2,4,t2,1.60E+10,3.00E+04,10,3.00E+03,exp
3,4,t2,3.20E+09,4.80E+04,16,3.00E+03,exp
4,4,t2,4.20E+09,3.00E+03,1,3.00E+03,exp
5,4,t2,5.00E+09,7.20E+04,24,3.00E+03,exp
6,4,t2,1.80E+09,1.63E+06,544,3.00E+03,exp
1,5,t2,2.60E+09,2.00E+03,1,2000,exp
2,5,t2,5.00E+09,4.00E+03,2,2000,exp
3,5,t2,3.60E+09,3.00E+03,1,3.00E+03,exp
4,5,t2,4.00E+09,1.00E+04,5,2.00E+03,exp
5,5,t2,2.40E+10,4.00E+03,2,2.00E+03,exp
6,5,t2,3.20E+07,1.40E+04,7,2.00E+03,exp
1,6,t2,2.00E+03,3.20E+04,16,2.00E+03,exp
2,6,t2,2.00E+04,1.80E+04,9,2.00E+03,exp
3,6,t2,3.40E+03,8.00E+04,4,2.00E+04,exp
4,6,t2,0.00E+00,3.00E+04,15,2.00E+03,exp
5,6,t2,0.00E+00,2.60E+04,13,2.00E+03,exp
6,6,t2,0.00E+00,1.00E+05,5,2.00E+04,exp
1,7,t2,0.00E+00,4.00E+05,20,2.00E+04,exp
2,7,t2,2.00E+03,1.00E+05,5,2.00E+04,exp
3,7,t2,3.80E+04,3.00E+03,1,3.00E+03,exp
4,7,t2,1.00E+06,3.60E+04,18,2.00E+03,exp
5,7,t2,0.00E+00,1.00E+05,5,2.00E+04,exp
6,7,t2,0.00E+00,8.00E+05,4,2.00E+05,exp
1,8,t2,0.00E+00,8.00E+04,4,2.00E+04,exp
2,8,t2,0.00E+00,6.00E+03,3,2.00E+03,exp
3,8,t2,1.20E+04,1.40E+04,7,2.00E+03,exp
4,8,t2,0.00E+00,1.00E+05,5,2.00E+04,exp
5,8,t2,8.00E+04,1.60E+05,8,2.00E+04,exp
6,8,t2,4.00E+03,3.00E+03,1,3.00E+03,exp
1,9,t2,0.00E+00,6.00E+04,3,2.00E+04,exp
2,9,t2,0.00E+00,1.80E+05,9,2.00E+04,exp
3,9,t2,0.00E+00,1.20E+05,6,2.00E+04,exp
4,9,t2,3.00E+06,2.10E+04,7,3.00E+03,exp
5,9,t2,4.00E+03,1.40E+05,7,2.00E+04,exp
6,9,t2,0.00E+00,3.00E+03,1,3.00E+03,exp
1,2,t3,3.20E+04,7.70E+08,15,60000000,exp
2,2,t3,8.00E+04,4.70E+08,23,60000000,exp
3,2,t3,1.20E+04,6.20E+08,13,60000000,exp
4,2,t3,2.00E+03,5.10E+08,9,60000000,exp
5,2,t3,1.00E+04,3.10E+08,16,60000000,exp
6,2,t3,1.00E+05,3.00E+08,15,60000000,exp
1,3,t3,2.40E+04,1.16E+09,5,60000000,exp
2,3,t3,2.40E+04,1.53E+09,5,600000000,exp
3,3,t3,4.00E+03,2.84E+09,23,60000000,exp
4,3,t3,1.40E+05,1.64E+09,6,60000000,exp
5,3,t3,1.20E+05,1.34E+09,12,60000000,exp
6,3,t3,0.00E+00,2.04E+09,22,60000000,exp
1,4,t3,6.00E+05,1.68E+08,3,60000000,exp
2,4,t3,4.60E+07,4.64E+08,12,60000000,exp
3,4,t3,6.00E+04,2.68E+08,5,60000000,exp
4,4,t3,3.20E+05,2.10E+08,5,60000000,exp
5,4,t3,4.40E+05,4.20E+08,9,60000000,exp
6,4,t3,1.20E+05,1.62E+08,5,60000000,exp
1,5,t3,1.20E+04,2.92E+07,2,600000,exp
2,5,t3,4.00E+04,2.76E+07,2,600000,exp
3,5,t3,1.60E+06,4.64E+07,7,600000,exp
4,5,t3,6.00E+05,1.70E+07,13,6000000,exp
5,5,t3,2.60E+05,6.12E+07,9,600000,exp
6,5,t3,4.00E+05,4.04E+07,4,6000000,exp
1,6,t3,0.00E+00,1.31E+05,25,600000,exp
2,6,t3,0.00E+00,8.32E+04,9,600000,exp
3,6,t3,0.00E+00,7.28E+04,9,600000,exp
4,6,t3,0.00E+00,1.80E+06,3,600000,exp
5,6,t3,0.00E+00,7.80E+04,13,6000,exp
6,6,t3,0.00E+00,1.26E+06,21,60000,exp
1,7,t3,0.00E+00,8.08E+04,7,600000,exp
2,7,t3,0.00E+00,8.48E+04,13,60000,exp
3,7,t3,0.00E+00,1.30E+05,10,600000,exp
4,7,t3,0.00E+00,6.48E+04,15,6000,exp
5,7,t3,0.00E+00,2.00E+05,10,600000,exp
6,7,t3,0.00E+00,1.92E+05,10,600000,exp
1,8,t3,0.00E+00,8.00E+03,7,6000,exp
2,8,t3,0.00E+00,2.50E+03,4,60000,exp
3,8,t3,0.00E+00,1.10E+05,12,60000,exp
4,8,t3,0.00E+00,2.62E+04,3,60000,exp
5,8,t3,0.00E+00,1.38E+05,17,600000,exp
6,8,t3,0.00E+00,2.76E+04,0,200,exp
1,9,t3,0.00E+00,1.08E+03,0,200,exp
2,9,t3,0.00E+00,9.54E+03,3,6000,exp
3,9,t3,0.00E+00,8.26E+03,0,0,exp
4,9,t3,0.00E+00,1.14E+04,0,0,exp
5,9,t3,0.00E+00,0.00E+00,0,0,exp
6,9,t3,0.00E+00,1.21E+03,2,6000,exp
1,2,t4,0.00E+00,9.00E+08,,,exp
2,2,t4,0.00E+00,8.00E+08,,,exp
3,2,t4,0.00E+00,4.00E+08,,,exp
4,2,t4,0.00E+00,7.00E+08,,,exp
5,2,t4,0.00E+00,9.20E+08,,,exp
6,2,t4,2.00E+03,6.00E+08,,,exp
1,3,t4,0.00E+00,2.00E+08,,,exp
2,3,t4,0.00E+00,7.80E+08,,,exp
3,3,t4,0.00E+00,6.00E+08,,,exp
4,3,t4,0.00E+00,6.00E+08,,,exp
5,3,t4,0.00E+00,5.00E+08,,,exp
6,3,t4,0.00E+00,1.32E+09,,,exp
1,4,t4,0.00E+00,1.80E+08,,,exp
2,4,t4,2.20E+04,7.80E+08,,,exp
3,4,t4,0.00E+00,1.00E+08,,,exp
4,4,t4,0.00E+00,1.00E+09,,,exp
5,4,t4,0.00E+00,3.00E+08,,,exp
6,4,t4,0.00E+00,3.20E+08,,,exp
1,5,t4,0.00E+00,1.60E+06,,,exp
2,5,t4,0.00E+00,4.00E+06,,,exp
3,5,t4,0.00E+00,2.20E+06,,,exp
4,5,t4,0.00E+00,7.60E+07,,,exp
5,5,t4,0.00E+00,5.00E+06,,,exp
6,5,t4,0.00E+00,1.00E+07,,,exp
1,6,t4,0.00E+00,8.00E+06,,,exp
2,6,t4,0.00E+00,5.70E+06,,,exp
3,6,t4,0.00E+00,3.00E+06,,,exp
4,6,t4,0.00E+00,1.20E+06,,,exp
5,6,t4,0.00E+00,7.00E+05,,,exp
6,6,t4,0.00E+00,1.40E+05,,,exp
1,7,t4,0,4.20E+05,,,exp
2,7,t4,0,7.90E+05,,,exp
3,7,t4,0,4.00E+06,,,exp
4,7,t4,0,5.00E+05,,,exp
5,7,t4,0,6.20E+06,,,exp
6,7,t4,0,8.00E+06,,,exp
1,8,t4,0,0.00E+00,,,exp
2,8,t4,0,4.20E+05,,,exp
3,8,t4,0,1.20E+04,,,exp
4,8,t4,0,8.10E+05,,,exp
5,8,t4,0,2.01E+07,,,exp
6,8,t4,0,0.00E+00,,,exp
1,9,t4,0,0.00E+00,,,exp
2,9,t4,0,1.20E+04,,,exp
3,9,t4,0,0.00E+00,,,exp
4,9,t4,0,0.00E+00,,,exp
5,9,t4,0,0.00E+00,,,exp
6,9,t4,0,1.80E+04,,,exp
1,2,t5,0,8.88E+08,,,exp
2,2,t5,0,1.37E+09,,,exp
3,2,t5,0,7.68E+08,,,exp
4,2,t5,0,5.28E+08,,,exp
5,2,t5,0,9.48E+08,,,exp
6,2,t5,0,8.88E+08,,,exp
1,3,t5,0,2.88E+08,,,exp
2,3,t5,0,2.99E+09,,,exp
3,3,t5,0,1.37E+09,,,exp
4,3,t5,0,3.48E+08,,,exp
5,3,t5,0,7.08E+08,,,exp
6,3,t5,0,1.31E+09,,,exp
1,4,t5,0,1.68E+08,,,exp
2,4,t5,0,7.08E+08,,,exp
3,4,t5,0,2.88E+08,,,exp
4,4,t5,0,2.88E+08,,,exp
5,4,t5,0,5.28E+08,,,exp
6,4,t5,0,2.88E+08,,,exp
1,5,t5,0,1.08E+06,,,exp
2,5,t5,0,1.08E+06,,,exp
3,5,t5,0,4.08E+06,,,exp
4,5,t5,0,7.79E+07,,,exp
5,5,t5,0,5.28E+06,,,exp
6,5,t5,0,1.20E+07,,,exp
1,6,t5,0,3.00E+06,,,exp
2,6,t5,0,5.28E+06,,,exp
3,6,t5,0,5.28E+06,,,exp
4,6,t5,0,1.68E+06,,,exp
5,6,t5,0,6.60E+04,,,exp
6,6,t5,0,1.14E+06,,,exp
1,7,t5,0,4.08E+06,,,exp
2,7,t5,0,6.60E+05,,,exp
3,7,t5,0,5.88E+06,,,exp
4,7,t5,0,7.80E+04,,,exp
5,7,t5,0,5.88E+06,,,exp
6,7,t5,0,5.88E+06,,,exp
1,8,t5,0,0.00E+00,,,exp
2,8,t5,0,1.20E+05,,,exp
3,8,t5,0,6.00E+05,,,exp
4,8,t5,0,6.00E+04,,,exp
5,8,t5,0,1.01E+07,,,exp
6,8,t5,0,0.00E+00,,,exp
1,9,t5,0,0.00E+00,,,exp
2,9,t5,0,0.00E+00,,,exp
3,9,t5,0,0.00E+00,,,exp
4,9,t5,0,0.00E+00,,,exp
5,9,t5,0,0.00E+00,,,exp
6,9,t5,0,0.00E+00,,,exp
1,2,t0,NA,7.00E+06,,,phageN
2,2,t0,NA,2.10E+06,,,phageN
3,2,t0,NA,1.60E+06,,,phageN
1,2,t0,NA,1.60E+06,,,phageN
2,2,t0,NA,8.00E+06,,,phageN
3,2,t0,NA,1.20E+06,,,phageN
1,2,t0,NA,1.40E+06,,,phageN
2,2,t0,NA,1.00E+06,,,phageN
3,2,t0,NA,1.10E+06,,,phageN
1,2,t0,NA,1.50E+06,,,phageN
2,2,t0,NA,1.70E+06,,,phageN
3,2,t0,NA,8.00E+06,,,phageN
1,2,t0,NA,1.30E+06,,,phageN
2,2,t0,NA,6.00E+06,,,phageN
3,2,t0,NA,1.40E+06,,,phageN
1,2,t0,NA,1.50E+06,,,phageN
2,2,t0,NA,1.30E+07,,,phageN
3,2,t0,NA,7.00E+06,,,phageN
1,2,t0,NA,1.30E+06,,,phageN
2,2,t0,NA,6.00E+06,,,phageN
3,2,t0,NA,1.30E+06,,,phageN
1,2,t0,NA,1.90E+06,,,phageN
2,2,t0,NA,2.10E+06,,,phageN
3,2,t0,NA,1.50E+06,,,phageN
1,2,t1,NA,7.60E+09,,,phageN
2,2,t1,NA,1.20E+08,,,phageN
3,2,t1,NA,6.80E+07,,,phageN
1,2,t1,NA,5.60E+07,,,phageN
2,2,t1,NA,1.00E+08,,,phageN
3,2,t1,NA,1.00E+08,,,phageN
1,2,t1,NA,4.80E+07,,,phageN
2,2,t1,NA,1.20E+08,,,phageN
3,2,t1,NA,1.00E+08,,,phageN
1,2,t1,NA,9.00E+07,,,phageN
2,2,t1,NA,7.60E+07,,,phageN
3,2,t1,NA,6.00E+07,,,phageN
1,2,t1,NA,3.50E+08,,,phageN
2,2,t1,NA,4.30E+08,,,phageN
3,2,t1,NA,1.90E+08,,,phageN
1,2,t1,NA,4.20E+08,,,phageN
2,2,t1,NA,3.00E+07,,,phageN
3,2,t1,NA,2.00E+07,,,phageN
1,2,t1,NA,2.00E+08,,,phageN
2,2,t1,NA,4.70E+08,,,phageN
3,2,t1,NA,5.20E+09,,,phageN
1,2,t1,NA,3.08E+09,,,phageN
2,2,t1,NA,3.10E+08,,,phageN
3,2,t1,NA,3.30E+08,,,phageN
1,2,t2,NA,1.20E+09,,,phageN
2,2,t2,NA,6.00E+08,,,phageN
3,2,t2,NA,7.10E+08,,,phageN
1,2,t2,NA,1.56E+09,,,phageN
2,2,t2,NA,3.10E+08,,,phageN
3,2,t2,NA,7.60E+08,,,phageN
1,2,t2,NA,3.50E+08,,,phageN
2,2,t2,NA,3.40E+08,,,phageN
3,2,t2,NA,1.40E+08,,,phageN
1,2,t2,NA,1.30E+08,,,phageN
2,2,t2,NA,2.20E+08,,,phageN
3,2,t2,NA,4.70E+08,,,phageN
1,2,t2,NA,1.20E+08,,,phageN
2,2,t2,NA,1.28E+09,,,phageN
3,2,t2,NA,5.20E+08,,,phageN
1,2,t2,NA,7.20E+07,,,phageN
2,2,t2,NA,9.60E+07,,,phageN
3,2,t2,NA,1.92E+08,,,phageN
1,2,t2,NA,9.60E+06,,,phageN
2,2,t2,NA,5.90E+07,,,phageN
3,2,t2,NA,1.46E+08,,,phageN
1,2,t2,NA,4.50E+07,,,phageN
2,2,t2,NA,3.40E+07,,,phageN
3,2,t2,NA,3.90E+07,,,phageN
1,2,t3,NA,6.60E+08,,,phageN
2,2,t3,NA,5.80E+08,,,phageN
3,2,t3,NA,1.72E+09,,,phageN
1,2,t3,NA,6.70E+08,,,phageN
2,2,t3,NA,4.00E+08,,,phageN
3,2,t3,NA,1.54E+09,,,phageN
1,2,t3,NA,2.30E+08,,,phageN
2,2,t3,NA,2.70E+08,,,phageN
3,2,t3,NA,1.23E+09,,,phageN
1,2,t3,NA,1.10E+08,,,phageN
2,2,t3,NA,1.60E+08,,,phageN
3,2,t3,NA,2.10E+08,,,phageN
1,2,t3,NA,2.60E+07,,,phageN
2,2,t3,NA,6.00E+07,,,phageN
3,2,t3,NA,8.80E+07,,,phageN
1,2,t3,NA,2.60E+07,,,phageN
2,2,t3,NA,3.00E+07,,,phageN
3,2,t3,NA,8.00E+06,,,phageN
1,2,t3,NA,3.80E+05,,,phageN
2,2,t3,NA,4.50E+06,,,phageN
3,2,t3,NA,3.50E+06,,,phageN
1,2,t3,NA,0.00E+00,,,phageN
2,2,t3,NA,8.60E+04,,,phageN
3,2,t3,NA,0.00E+00,,,phageN
1,2,t4,NA,4.20E+08,,,phageN
2,2,t4,NA,3.00E+08,,,phageN
3,2,t4,NA,1.00E+09,,,phageN
1,2,t4,NA,2.80E+08,,,phageN
2,2,t4,NA,8.00E+08,,,phageN
3,2,t4,NA,4.00E+08,,,phageN
1,2,t4,NA,2.40E+08,,,phageN
2,2,t4,NA,3.00E+08,,,phageN
3,2,t4,NA,3.20E+08,,,phageN
1,2,t4,NA,1.20E+08,,,phageN
2,2,t4,NA,1.60E+08,,,phageN
3,2,t4,NA,1.20E+08,,,phageN
1,2,t4,NA,2.00E+07,,,phageN
2,2,t4,NA,3.20E+07,,,phageN
3,2,t4,NA,3.20E+07,,,phageN
1,2,t4,NA,2.60E+06,,,phageN
2,2,t4,NA,8.00E+05,,,phageN
3,2,t4,NA,2.00E+06,,,phageN
1,2,t4,NA,4.20E+07,,,phageN
2,2,t4,NA,0.00E+00,,,phageN
3,2,t4,NA,0.00E+00,,,phageN
1,2,t4,NA,0.00E+00,,,phageN
2,2,t4,NA,0.00E+00,,,phageN
3,2,t4,NA,0.00E+00,,,phageN
1,2,t5,NA,2.80E+08,,,phageN
2,2,t5,NA,3.00E+08,,,phageN
3,2,t5,NA,4.20E+08,,,phageN
1,2,t5,NA,3.60E+08,,,phageN
2,2,t5,NA,3.60E+09,,,phageN
3,2,t5,NA,4.80E+08,,,phageN
1,2,t5,NA,1.20E+08,,,phageN
2,2,t5,NA,2.60E+08,,,phageN
3,2,t5,NA,3.20E+08,,,phageN
1,2,t5,NA,2.80E+08,,,phageN
2,2,t5,NA,2.80E+08,,,phageN
3,2,t5,NA,2.80E+08,,,phageN
1,2,t5,NA,1.80E+08,,,phageN
2,2,t5,NA,1.40E+08,,,phageN
3,2,t5,NA,1.00E+08,,,phageN
1,2,t5,NA,2.40E+06,,,phageN
2,2,t5,NA,6.00E+06,,,phageN
3,2,t5,NA,3.20E+06,,,phageN
1,2,t5,NA,0.00E+00,,,phageN
2,2,t5,NA,0.00E+00,,,phageN
3,2,t5,NA,0.00E+00,,,phageN
1,2,t5,NA,0.00E+00,,,phageN
2,2,t5,NA,0.00E+00,,,phageN
3,2,t5,NA,0.00E+00,,,phageN
1,2,t0,3.60E+04,3.40E+06,,,crisprN
2,2,t0,7.80E+04,3.20E+06,,,crisprN
3,2,t0,4.80E+04,3.00E+06,,,crisprN
1,3,t0,3.60E+04,5.30E+06,,,crisprN
2,3,t0,5.20E+04,3.60E+06,,,crisprN
3,3,t0,4.00E+04,3.00E+06,,,crisprN
1,4,t0,4.60E+04,3.70E+06,,,crisprN
2,4,t0,6.00E+04,2.80E+06,,,crisprN
3,4,t0,3.80E+04,3.90E+06,,,crisprN
1,5,t0,3.60E+04,2.80E+06,,,crisprN
2,5,t0,4.80E+04,2.50E+06,,,crisprN
3,5,t0,4.00E+04,4.00E+06,,,crisprN
1,6,t0,1.20E+04,3.00E+06,,,crisprN
2,6,t0,1.00E+04,2.80E+06,,,crisprN
3,6,t0,6.00E+04,3.80E+06,,,crisprN
1,7,t0,1.20E+04,3.80E+06,,,crisprN
2,7,t0,2.60E+04,6.70E+06,,,crisprN
3,7,t0,1.00E+04,6.70E+06,,,crisprN
1,8,t0,1.40E+04,3.10E+06,,,crisprN
2,8,t0,1.20E+04,2.70E+06,,,crisprN
3,8,t0,8.00E+04,3.80E+06,,,crisprN
1,9,t0,1.60E+04,2.80E+06,,,crisprN
2,9,t0,6.00E+04,4.40E+06,,,crisprN
3,9,t0,1.20E+04,4.30E+06,,,crisprN
1,2,t1,5.40E+09,2.42E+06,,,crisprN
2,2,t1,4.20E+09,6.00E+04,,,crisprN
3,2,t1,3.00E+09,6.20E+05,,,crisprN
1,3,t1,3.00E+09,5.70E+05,,,crisprN
2,3,t1,2.60E+09,3.24E+06,,,crisprN
3,3,t1,3.20E+09,5.00E+05,,,crisprN
1,4,t1,4.60E+09,2.80E+05,,,crisprN
2,4,t1,1.00E+09,1.80E+05,,,crisprN
3,4,t1,1.40E+11,2.54E+06,,,crisprN
1,5,t1,4.80E+09,4.00E+04,,,crisprN
2,5,t1,3.40E+09,1.00E+05,,,crisprN
3,5,t1,4.80E+09,2.00E+05,,,crisprN
1,6,t1,6.00E+09,3.84E+06,,,crisprN
2,6,t1,4.60E+09,8.80E+05,,,crisprN
3,6,t1,4.80E+09,2.00E+06,,,crisprN
1,7,t1,1.40E+10,2.02E+06,,,crisprN
2,7,t1,4.00E+09,2.56E+06,,,crisprN
3,7,t1,3.40E+09,7.10E+05,,,crisprN
1,8,t1,1.60E+10,1.92E+06,,,crisprN
2,8,t1,1.00E+10,2.88E+06,,,crisprN
3,8,t1,1.00E+10,4.32E+06,,,crisprN
1,9,t1,1.20E+10,2.38E+06,,,crisprN
2,9,t1,5.20E+09,1.52E+06,,,crisprN
3,9,t1,1.20E+10,5.20E+06,,,crisprN
1,2,t2,1.20E+08,2.88E+09,,,crisprN
2,2,t2,2.80E+08,9.20E+08,,,crisprN
3,2,t2,1.20E+09,1.86E+10,,,crisprN
1,3,t2,2.20E+08,1.42E+10,,,crisprN
2,3,t2,1.40E+06,2.80E+08,,,crisprN
3,3,t2,1.40E+08,5.10E+08,,,crisprN
1,4,t2,3.40E+06,4.00E+08,,,crisprN
2,4,t2,2.20E+07,5.00E+08,,,crisprN
3,4,t2,6.00E+05,7.80E+08,,,crisprN
1,5,t2,2.20E+07,3.50E+08,,,crisprN
2,5,t2,8.00E+05,1.40E+08,,,crisprN
3,5,t2,1.80E+05,1.40E+08,,,crisprN
1,6,t2,3.00E+04,5.50E+08,,,crisprN
2,6,t2,1.40E+05,5.60E+08,,,crisprN
3,6,t2,6.00E+02,1.80E+08,,,crisprN
1,7,t2,2.40E+05,1.10E+08,,,crisprN
2,7,t2,0.00E+00,1.80E+08,,,crisprN
3,7,t2,0.00E+00,4.60E+08,,,crisprN
1,8,t2,0.00E+00,3.20E+07,,,crisprN
2,8,t2,0.00E+00,3.00E+06,,,crisprN
3,8,t2,0.00E+00,9.00E+06,,,crisprN
1,9,t2,0.00E+00,1.03E+06,,,crisprN
2,9,t2,0.00E+00,0.00E+00,,,crisprN
3,9,t2,0.00E+00,7.90E+05,,,crisprN
1,2,t3,1.40E+06,4.50E+08,,,crisprN
2,2,t3,4.20E+06,4.40E+08,,,crisprN
3,2,t3,3.40E+06,4.50E+08,,,crisprN
1,3,t3,3.00E+07,3.80E+08,,,crisprN
2,3,t3,4.60E+08,3.10E+08,,,crisprN
3,3,t3,5.00E+05,3.00E+08,,,crisprN
1,4,t3,4.80E+03,2.20E+08,,,crisprN
2,4,t3,2.00E+05,1.00E+08,,,crisprN
3,4,t3,4.00E+02,2.80E+08,,,crisprN
1,5,t3,3.00E+04,1.50E+08,,,crisprN
2,5,t3,0.00E+00,7.00E+07,,,crisprN
3,5,t3,0.00E+00,1.70E+08,,,crisprN
1,6,t3,0.00E+00,4.00E+07,,,crisprN
2,6,t3,0.00E+00,9.00E+07,,,crisprN
3,6,t3,1.60E+03,4.72E+09,,,crisprN
1,7,t3,0.00E+00,5.00E+06,,,crisprN
2,7,t3,0.00E+00,4.20E+06,,,crisprN
3,7,t3,0.00E+00,2.00E+06,,,crisprN
1,8,t3,0.00E+00,2.44E+06,,,crisprN
2,8,t3,0.00E+00,2.00E+03,,,crisprN
3,8,t3,0.00E+00,0.00E+00,,,crisprN
1,9,t3,0.00E+00,0.00E+00,,,crisprN
2,9,t3,0.00E+00,0.00E+00,,,crisprN
3,9,t3,0.00E+00,0.00E+00,,,crisprN
1,2,t4,2.00E+02,4.60E+08,,,crisprN
2,2,t4,0.00E+00,4.00E+08,,,crisprN
3,2,t4,2.00E+02,4.60E+08,,,crisprN
1,3,t4,0.00E+00,3.60E+08,,,crisprN
2,3,t4,0.00E+00,1.60E+08,,,crisprN
3,3,t4,2.00E+02,3.00E+08,,,crisprN
1,4,t4,6.00E+02,2.80E+08,,,crisprN
2,4,t4,6.00E+03,3.60E+08,,,crisprN
3,4,t4,4.00E+02,2.60E+08,,,crisprN
1,5,t4,0.00E+00,2.80E+08,,,crisprN
2,5,t4,0.00E+00,1.20E+08,,,crisprN
3,5,t4,0.00E+00,1.80E+08,,,crisprN
1,6,t4,0.00E+00,1.20E+08,,,crisprN
2,6,t4,0.00E+00,1.60E+08,,,crisprN
3,6,t4,0.00E+00,4.60E+07,,,crisprN
1,7,t4,0.00E+00,3.20E+06,,,crisprN
2,7,t4,0.00E+00,3.20E+06,,,crisprN
3,7,t4,0.00E+00,3.00E+06,,,crisprN
1,8,t4,0.00E+00,0.00E+00,,,crisprN
2,8,t4,0.00E+00,0.00E+00,,,crisprN
3,8,t4,0.00E+00,0.00E+00,,,crisprN
1,9,t4,0.00E+00,0.00E+00,,,crisprN
2,9,t4,0.00E+00,0.00E+00,,,crisprN
3,9,t4,0.00E+00,0.00E+00,,,crisprN
1,2,t5,4.00E+02,2.80E+08,,,crisprN
2,2,t5,0.00E+00,3.00E+08,,,crisprN
3,2,t5,1.20E+03,4.20E+08,,,crisprN
1,3,t5,0.00E+00,3.60E+08,,,crisprN
2,3,t5,0.00E+00,3.60E+09,,,crisprN
3,3,t5,0.00E+00,4.80E+08,,,crisprN
1,4,t5,1.80E+04,1.20E+08,,,crisprN
2,4,t5,0.00E+00,2.60E+08,,,crisprN
3,4,t5,0.00E+00,3.20E+08,,,crisprN
1,5,t5,0.00E+00,2.80E+08,,,crisprN
2,5,t5,0.00E+00,2.80E+08,,,crisprN
3,5,t5,0.00E+00,2.80E+08,,,crisprN
1,6,t5,0.00E+00,1.80E+08,,,crisprN
2,6,t5,0.00E+00,1.40E+08,,,crisprN
3,6,t5,0.00E+00,1.00E+08,,,crisprN
1,7,t5,0.00E+00,2.40E+06,,,crisprN
2,7,t5,0.00E+00,6.00E+06,,,crisprN
3,7,t5,0.00E+00,3.20E+06,,,crisprN
1,8,t5,0.00E+00,0.00E+00,,,crisprN
2,8,t5,0.00E+00,0.00E+00,,,crisprN
3,8,t5,0.00E+00,0.00E+00,,,crisprN
1,9,t5,0.00E+00,0.00E+00,,,crisprN
2,9,t5,0.00E+00,0.00E+00,,,crisprN
3,9,t5,0.00E+00,0.00E+00,,,crisprN