ID,Bottleneck,Total.spacers,Zero,One,Two,Three,Four,FiveOrMore,Single,Multiple
.1.1,2,2,0,0,1,0,0,0,0,1
.1.2,2,3,0,0,0,1,0,0,0,1
.1.3,2,2,0,0,1,0,0,0,0,1
.1.4,2,3,0,0,0,1,0,0,0,1
.1.5,2,2,0,0,1,0,0,0,0,1
.1.6,2,1,0,1,0,0,0,0,1,0
.1.7,2,2,0,0,1,0,0,0,0,1
.1.8,2,1,0,1,0,0,0,0,1,0
.1.9,2,2,0,0,1,0,0,0,0,1
.1.10,2,2,0,0,1,0,0,0,0,1
.1.11,2,1,0,1,0,0,0,0,1,0
.1.12,2,1,0,1,0,0,0,0,1,0
.1.13,2,3,0,0,0,1,0,0,0,1
.1.14,2,5,0,0,0,0,0,1,0,1
.1.15,2,2,0,0,1,0,0,0,0,1
.1.16,2,3,0,0,0,1,0,0,0,1
.1.17,2,3,0,0,0,1,0,0,0,1
.1.18,2,2,0,0,1,0,0,0,0,1
.1.19,2,2,0,0,1,0,0,0,0,1
.1.20,2,2,0,0,1,0,0,0,0,1
.1.21,2,2,0,0,1,0,0,0,0,1
.1.22,2,1,0,1,0,0,0,0,1,0
.1.23,2,2,0,0,1,0,0,0,0,1
.1.24,2,7,0,0,0,0,0,1,0,1
.2.1,2,3,0,0,0,1,0,0,0,1
.2.2,2,1,0,1,0,0,0,0,1,0
.2.3,2,1,0,1,0,0,0,0,1,0
.2.4,2,3,0,0,0,1,0,0,0,1
.2.5,2,1,0,1,0,0,0,0,1,0
.2.6,2,3,0,0,0,1,0,0,0,1
.2.7,2,3,0,0,0,1,0,0,0,1
.2.8,2,0,1,0,0,0,0,0,0,0
.2.9,2,0,1,0,0,0,0,0,0,0
.2.10,2,1,0,1,0,0,0,0,1,0
.2.11,2,2,0,0,1,0,0,0,0,1
.2.12,2,1,0,1,0,0,0,0,1,0
.2.13,2,4,0,0,0,0,1,0,0,1
.2.14,2,1,0,1,0,0,0,0,1,0
.2.15,2,2,0,0,1,0,0,0,0,1
.2.16,2,4,0,0,0,0,1,0,0,1
.2.17,2,1,0,1,0,0,0,0,1,0
.2.18,2,1,0,1,0,0,0,0,1,0
.2.19,2,1,0,1,0,0,0,0,1,0
.2.20,2,1,0,1,0,0,0,0,1,0
.2.21,2,2,0,0,1,0,0,0,0,1
.2.22,2,3,0,0,0,1,0,0,0,1
.2.23,2,1,0,1,0,0,0,0,1,0
.2.24,2,3,0,0,0,1,0,0,0,1
.3.1,2,3,0,0,0,1,0,0,0,1
.3.2,2,2,0,0,1,0,0,0,0,1
.3.3,2,2,0,0,1,0,0,0,0,1
.3.4,2,2,0,0,1,0,0,0,0,1
.3.5,2,0,1,0,0,0,0,0,0,0
.3.6,2,1,0,1,0,0,0,0,1,0
.3.7,2,1,0,1,0,0,0,0,1,0
.3.8,2,2,0,0,1,0,0,0,0,1
.3.9,2,5,0,0,0,0,0,1,0,1
.3.10,2,3,0,0,0,1,0,0,0,1
.3.11,2,1,0,1,0,0,0,0,1,0
.3.12,2,1,0,1,0,0,0,0,1,0
.3.13,2,2,0,0,1,0,0,0,0,1
.3.14,2,1,0,1,0,0,0,0,1,0
.3.15,2,1,0,1,0,0,0,0,1,0
.3.16,2,2,0,0,1,0,0,0,0,1
.3.17,2,3,0,0,0,1,0,0,0,1
.3.18,2,2,0,0,1,0,0,0,0,1
.3.19,2,1,0,1,0,0,0,0,1,0
.3.20,2,4,0,0,0,0,1,0,0,1
.3.21,2,1,0,1,0,0,0,0,1,0
.3.22,2,3,0,0,0,1,0,0,0,1
.3.23,2,1,0,1,0,0,0,0,1,0
.3.24,2,4,0,0,0,0,1,0,0,1
.4.1,2,3,0,0,0,1,0,0,0,1
.4.2,2,1,0,1,0,0,0,0,1,0
.4.3,2,5,0,0,0,0,0,1,0,1
.4.4,2,2,0,0,1,0,0,0,0,1
.4.5,2,2,0,0,1,0,0,0,0,1
.4.6,2,2,0,0,1,0,0,0,0,1
.4.7,2,1,0,1,0,0,0,0,1,0
.4.8,2,1,0,1,0,0,0,0,1,0
.4.9,2,2,0,0,1,0,0,0,0,1
.4.10,2,1,0,1,0,0,0,0,1,0
.4.11,2,3,0,0,0,1,0,0,0,1
.4.12,2,2,0,0,1,0,0,0,0,1
.4.13,2,1,0,1,0,0,0,0,1,0
.4.14,2,2,0,0,1,0,0,0,0,1
.4.15,2,4,0,0,0,0,1,0,0,1
.4.16,2,2,0,0,1,0,0,0,0,1
.4.17,2,2,0,0,1,0,0,0,0,1
.4.18,2,4,0,0,0,0,1,0,0,1
.4.19,2,3,0,0,0,1,0,0,0,1
.4.20,2,4,0,0,0,0,1,0,0,1
.4.21,2,0,1,0,0,0,0,0,0,0
.4.22,2,3,0,0,0,1,0,0,0,1
.4.23,2,2,0,0,1,0,0,0,0,1
.4.24,2,3,0,0,0,1,0,0,0,1
.5.1,2,1,0,1,0,0,0,0,1,0
.5.2,2,1,0,1,0,0,0,0,1,0
.5.3,2,1,0,1,0,0,0,0,1,0
.5.4,2,0,1,0,0,0,0,0,0,0
.5.5,2,0,1,0,0,0,0,0,0,0
.5.6,2,1,0,1,0,0,0,0,1,0
.5.7,2,4,0,0,0,0,1,0,0,1
.5.8,2,2,0,0,1,0,0,0,0,1
.5.9,2,5,0,0,0,0,0,1,0,1
.5.10,2,3,0,0,0,1,0,0,0,1
.5.11,2,1,0,1,0,0,0,0,1,0
.5.12,2,1,0,1,0,0,0,0,1,0
.5.13,2,2,0,0,1,0,0,0,0,1
.5.14,2,2,0,0,1,0,0,0,0,1
.5.15,2,2,0,0,1,0,0,0,0,1
.5.16,2,4,0,0,0,0,1,0,0,1
.5.17,2,4,0,0,0,0,1,0,0,1
.5.18,2,3,0,0,0,1,0,0,0,1
.5.19,2,2,0,0,1,0,0,0,0,1
.5.20,2,2,0,0,1,0,0,0,0,1
.5.21,2,3,0,0,0,1,0,0,0,1
.5.22,2,2,0,0,1,0,0,0,0,1
.5.23,2,1,0,1,0,0,0,0,1,0
.5.24,2,2,0,0,1,0,0,0,0,1
.6.1,2,1,0,1,0,0,0,0,1,0
.6.2,2,1,0,1,0,0,0,0,1,0
.6.3,2,2,0,0,1,0,0,0,0,1
.6.4,2,4,0,0,0,0,1,0,0,1
.6.5,2,3,0,0,0,1,0,0,0,1
.6.6,2,4,0,0,0,0,1,0,0,1
.6.7,2,2,0,0,1,0,0,0,0,1
.6.8,2,1,0,1,0,0,0,0,1,0
.6.9,2,4,0,0,0,0,1,0,0,1
.6.10,2,5,0,0,0,0,0,1,0,1
.6.11,2,0,1,0,0,0,0,0,0,0
.6.12,2,1,0,1,0,0,0,0,1,0
.6.13,2,2,0,0,1,0,0,0,0,1
.6.14,2,4,0,0,0,0,1,0,0,1
.6.15,2,2,0,0,1,0,0,0,0,1
.6.16,2,0,1,0,0,0,0,0,0,0
.6.17,2,2,0,0,1,0,0,0,0,1
.6.18,2,2,0,0,1,0,0,0,0,1
.6.19,2,2,0,0,1,0,0,0,0,1
.6.20,2,2,0,0,1,0,0,0,0,1
.6.21,2,1,0,1,0,0,0,0,1,0
.6.22,2,1,0,1,0,0,0,0,1,0
.6.23,2,2,0,0,1,0,0,0,0,1
.6.24,2,5,0,0,0,0,0,1,0,1
.1.1,3,2,0,0,1,0,0,0,0,1
.1.2,3,2,0,0,1,0,0,0,0,1
.1.3,3,3,0,0,0,1,0,0,0,1
.1.4,3,2,0,0,1,0,0,0,0,1
.1.5,3,1,0,1,0,0,0,0,1,0
.1.6,3,0,1,0,0,0,0,0,0,0
.1.7,3,1,0,1,0,0,0,0,1,0
.1.8,3,0,1,0,0,0,0,0,0,0
.1.9,3,1,0,1,0,0,0,0,1,0
.1.10,3,0,1,0,0,0,0,0,0,0
.1.11,3,2,0,0,1,0,0,0,0,1
.1.12,3,1,0,1,0,0,0,0,1,0
.1.13,3,1,0,1,0,0,0,0,1,0
.1.14,3,3,0,0,0,1,0,0,0,1
.1.15,3,2,0,0,1,0,0,0,0,1
.1.16,3,1,0,1,0,0,0,0,1,0
.1.17,3,2,0,0,1,0,0,0,0,1
.1.18,3,0,1,0,0,0,0,0,0,0
.1.19,3,2,0,0,1,0,0,0,0,1
.1.20,3,6,0,0,0,0,0,1,0,1
.1.21,3,4,0,0,0,0,1,0,0,1
.1.22,3,4,0,0,0,0,1,0,0,1
.1.23,3,2,0,0,1,0,0,0,0,1
.1.24,3,2,0,0,1,0,0,0,0,1
.2.1,3,1,0,1,0,0,0,0,1,0
.2.2,3,3,0,0,0,1,0,0,0,1
.2.3,3,2,0,0,1,0,0,0,0,1
.2.4,3,0,1,0,0,0,0,0,0,0
.2.5,3,1,0,1,0,0,0,0,1,0
.2.6,3,2,0,0,1,0,0,0,0,1
.2.7,3,2,0,0,1,0,0,0,0,1
.2.8,3,2,0,0,1,0,0,0,0,1
.2.9,3,3,0,0,0,1,0,0,0,1
.2.10,3,3,0,0,0,1,0,0,0,1
.2.11,3,1,0,1,0,0,0,0,1,0
.2.12,3,3,0,0,0,1,0,0,0,1
.2.13,3,2,0,0,1,0,0,0,0,1
.2.14,3,1,0,1,0,0,0,0,1,0
.2.15,3,3,0,0,0,1,0,0,0,1
.2.16,3,2,0,0,1,0,0,0,0,1
.2.17,3,2,0,0,1,0,0,0,0,1
.2.18,3,3,0,0,0,1,0,0,0,1
.2.19,3,1,0,1,0,0,0,0,1,0
.2.20,3,2,0,0,1,0,0,0,0,1
.2.21,3,2,0,0,1,0,0,0,0,1
.2.22,3,1,0,1,0,0,0,0,1,0
.2.23,3,1,0,1,0,0,0,0,1,0
.2.24,3,2,0,0,1,0,0,0,0,1
.3.1,3,1,0,1,0,0,0,0,1,0
.3.2,3,1,0,1,0,0,0,0,1,0
.3.3,3,3,0,0,0,1,0,0,0,1
.3.4,3,2,0,0,1,0,0,0,0,1
.3.5,3,2,0,0,1,0,0,0,0,1
.3.6,3,4,0,0,0,0,1,0,0,1
.3.7,3,1,0,1,0,0,0,0,1,0
.3.8,3,1,0,1,0,0,0,0,1,0
.3.9,3,1,0,1,0,0,0,0,1,0
.3.10,3,3,0,0,0,1,0,0,0,1
.3.11,3,1,0,1,0,0,0,0,1,0
.3.12,3,2,0,0,1,0,0,0,0,1
.3.13,3,1,0,1,0,0,0,0,1,0
.3.14,3,1,0,1,0,0,0,0,1,0
.3.15,3,1,0,1,0,0,0,0,1,0
.3.16,3,2,0,0,1,0,0,0,0,1
.3.17,3,4,0,0,0,0,1,0,0,1
.3.18,3,1,0,1,0,0,0,0,1,0
.3.19,3,2,0,0,1,0,0,0,0,1
.3.20,3,1,0,1,0,0,0,0,1,0
.3.21,3,1,0,1,0,0,0,0,1,0
.3.22,3,2,0,0,1,0,0,0,0,1
.3.23,3,5,0,0,0,0,0,1,0,1
.3.24,3,4,0,0,0,0,1,0,0,1
.4.1,3,1,0,1,0,0,0,0,1,0
.4.2,3,2,0,0,1,0,0,0,0,1
.4.3,3,0,1,0,0,0,0,0,0,0
.4.4,3,0,1,0,0,0,0,0,0,0
.4.5,3,3,0,0,0,1,0,0,0,1
.4.6,3,3,0,0,0,1,0,0,0,1
.4.7,3,5,0,0,0,0,0,1,0,1
.4.8,3,0,1,0,0,0,0,0,0,0
.4.9,3,0,1,0,0,0,0,0,0,0
.4.10,3,5,0,0,0,0,0,1,0,1
.4.11,3,0,1,0,0,0,0,0,0,0
.4.12,3,3,0,0,0,1,0,0,0,1
.4.13,3,3,0,0,0,1,0,0,0,1
.4.14,3,4,0,0,0,0,1,0,0,1
.4.15,3,4,0,0,0,0,1,0,0,1
.4.16,3,1,0,1,0,0,0,0,1,0
.4.17,3,5,0,0,0,0,0,1,0,1
.4.18,3,0,1,0,0,0,0,0,0,0
.4.19,3,3,0,0,0,1,0,0,0,1
.4.20,3,5,0,0,0,0,0,1,0,1
.4.21,3,1,0,1,0,0,0,0,1,0
.4.22,3,0,1,0,0,0,0,0,0,0
.4.23,3,3,0,0,0,1,0,0,0,1
.4.24,3,2,0,0,1,0,0,0,0,1
.5.1,3,1,0,1,0,0,0,0,1,0
.5.2,3,2,0,0,1,0,0,0,0,1
.5.3,3,1,0,1,0,0,0,0,1,0
.5.4,3,2,0,0,1,0,0,0,0,1
.5.5,3,1,0,1,0,0,0,0,1,0
.5.6,3,3,0,0,0,1,0,0,0,1
.5.7,3,3,0,0,0,1,0,0,0,1
.5.8,3,1,0,1,0,0,0,0,1,0
.5.9,3,4,0,0,0,0,1,0,0,1
.5.10,3,1,0,1,0,0,0,0,1,0
.5.11,3,0,1,0,0,0,0,0,0,0
.5.12,3,1,0,1,0,0,0,0,1,0
.5.13,3,2,0,0,1,0,0,0,0,1
.5.14,3,0,1,0,0,0,0,0,0,0
.5.15,3,1,0,1,0,0,0,0,1,0
.5.16,3,2,0,0,1,0,0,0,0,1
.5.17,3,1,0,1,0,0,0,0,1,0
.5.18,3,5,0,0,0,0,0,1,0,1
.5.19,3,3,0,0,0,1,0,0,0,1
.5.20,3,5,0,0,0,0,0,1,0,1
.5.21,3,1,0,1,0,0,0,0,1,0
.5.22,3,3,0,0,0,1,0,0,0,1
.5.23,3,1,0,1,0,0,0,0,1,0
.5.24,3,0,1,0,0,0,0,0,0,0
.6.1,3,2,0,0,1,0,0,0,0,1
.6.2,3,1,0,1,0,0,0,0,1,0
.6.3,3,4,0,0,0,0,1,0,0,1
.6.4,3,0,1,0,0,0,0,0,0,0
.6.5,3,2,0,0,1,0,0,0,0,1
.6.6,3,2,0,0,1,0,0,0,0,1
.6.7,3,1,0,1,0,0,0,0,1,0
.6.8,3,2,0,0,1,0,0,0,0,1
.6.9,3,3,0,0,0,1,0,0,0,1
.6.10,3,0,1,0,0,0,0,0,0,0
.6.11,3,3,0,0,0,1,0,0,0,1
.6.12,3,4,0,0,0,0,1,0,0,1
.6.13,3,2,0,0,1,0,0,0,0,1
.6.14,3,2,0,0,1,0,0,0,0,1
.6.15,3,1,0,1,0,0,0,0,1,0
.6.16,3,2,0,0,1,0,0,0,0,1
.6.17,3,1,0,1,0,0,0,0,1,0
.6.18,3,2,0,0,1,0,0,0,0,1
.6.19,3,2,0,0,1,0,0,0,0,1
.6.20,3,1,0,1,0,0,0,0,1,0
.6.21,3,3,0,0,0,1,0,0,0,1
.6.22,3,2,0,0,1,0,0,0,0,1
.6.23,3,1,0,1,0,0,0,0,1,0
.6.24,3,1,0,1,0,0,0,0,1,0
.1.1,4,1,0,1,0,0,0,0,1,0
.1.2,4,5,0,0,0,0,0,1,0,1
.1.3,4,0,1,0,0,0,0,0,0,0
.1.4,4,1,0,1,0,0,0,0,1,0
.1.5,4,2,0,0,1,0,0,0,0,1
.1.6,4,1,0,1,0,0,0,0,1,0
.1.7,4,2,0,0,1,0,0,0,0,1
.1.8,4,3,0,0,0,1,0,0,0,1
.1.9,4,0,1,0,0,0,0,0,0,0
.1.10,4,4,0,0,0,0,1,0,0,1
.1.11,4,1,0,1,0,0,0,0,1,0
.1.12,4,1,0,1,0,0,0,0,1,0
.1.13,4,2,0,0,1,0,0,0,0,1
.1.14,4,1,0,1,0,0,0,0,1,0
.1.15,4,4,0,0,0,0,1,0,0,1
.1.16,4,1,0,1,0,0,0,0,1,0
.1.17,4,3,0,0,0,1,0,0,0,1
.1.18,4,0,1,0,0,0,0,0,0,0
.1.19,4,0,1,0,0,0,0,0,0,0
.1.20,4,3,0,0,0,1,0,0,0,1
.1.21,4,1,0,1,0,0,0,0,1,0
.1.22,4,1,0,1,0,0,0,0,1,0
.1.23,4,1,0,1,0,0,0,0,1,0
.1.24,4,2,0,0,1,0,0,0,0,1
.2.1,4,1,0,1,0,0,0,0,1,0
.2.2,4,5,0,0,0,0,0,1,0,1
.2.3,4,1,0,1,0,0,0,0,1,0
.2.4,4,0,1,0,0,0,0,0,0,0
.2.5,4,3,0,0,0,1,0,0,0,1
.2.6,4,2,0,0,1,0,0,0,0,1
.2.7,4,4,0,0,0,0,1,0,0,1
.2.8,4,0,1,0,0,0,0,0,0,0
.2.9,4,1,0,1,0,0,0,0,1,0
.2.10,4,3,0,0,0,1,0,0,0,1
.2.11,4,1,0,1,0,0,0,0,1,0
.2.12,4,4,0,0,0,0,1,0,0,1
.2.13,4,1,0,1,0,0,0,0,1,0
.2.14,4,2,0,0,1,0,0,0,0,1
.2.15,4,2,0,0,1,0,0,0,0,1
.2.16,4,2,0,0,1,0,0,0,0,1
.2.17,4,2,0,0,1,0,0,0,0,1
.2.18,4,1,0,1,0,0,0,0,1,0
.2.19,4,0,1,0,0,0,0,0,0,0
.2.20,4,1,0,1,0,0,0,0,1,0
.2.21,4,3,0,0,0,1,0,0,0,1
.2.22,4,2,0,0,1,0,0,0,0,1
.2.23,4,5,0,0,0,0,0,1,0,1
.2.24,4,7,0,0,0,0,0,1,0,1
.3.1,4,0,1,0,0,0,0,0,0,0
.3.2,4,4,0,0,0,0,1,0,0,1
.3.3,4,1,0,1,0,0,0,0,1,0
.3.4,4,0,1,0,0,0,0,0,0,0
.3.5,4,0,1,0,0,0,0,0,0,0
.3.6,4,2,0,0,1,0,0,0,0,1
.3.7,4,6,0,0,0,0,0,1,0,1
.3.8,4,0,1,0,0,0,0,0,0,0
.3.9,4,1,0,1,0,0,0,0,1,0
.3.10,4,2,0,0,1,0,0,0,0,1
.3.11,4,0,1,0,0,0,0,0,0,0
.3.12,4,1,0,1,0,0,0,0,1,0
.3.13,4,0,1,0,0,0,0,0,0,0
.3.14,4,1,0,1,0,0,0,0,1,0
.3.15,4,1,0,1,0,0,0,0,1,0
.3.16,4,1,0,1,0,0,0,0,1,0
.3.17,4,1,0,1,0,0,0,0,1,0
.3.18,4,2,0,0,1,0,0,0,0,1
.3.19,4,1,0,1,0,0,0,0,1,0
.3.20,4,3,0,0,0,1,0,0,0,1
.3.21,4,3,0,0,0,1,0,0,0,1
.3.22,4,4,0,0,0,0,1,0,0,1
.3.23,4,1,0,1,0,0,0,0,1,0
.3.24,4,3,0,0,0,1,0,0,0,1
.4.1,4,2,0,0,1,0,0,0,0,1
.4.2,4,1,0,1,0,0,0,0,1,0
.4.3,4,0,1,0,0,0,0,0,0,0
.4.4,4,1,0,1,0,0,0,0,1,0
.4.5,4,1,0,1,0,0,0,0,1,0
.4.6,4,3,0,0,0,1,0,0,0,1
.4.7,4,2,0,0,1,0,0,0,0,1
.4.8,4,2,0,0,1,0,0,0,0,1
.4.9,4,4,0,0,0,0,1,0,0,1
.4.10,4,2,0,0,1,0,0,0,0,1
.4.11,4,1,0,1,0,0,0,0,1,0
.4.12,4,2,0,0,1,0,0,0,0,1
.4.13,4,1,0,1,0,0,0,0,1,0
.4.14,4,2,0,0,1,0,0,0,0,1
.4.15,4,1,0,1,0,0,0,0,1,0
.4.16,4,2,0,0,1,0,0,0,0,1
.4.17,4,3,0,0,0,1,0,0,0,1
.4.18,4,1,0,1,0,0,0,0,1,0
.4.19,4,2,0,0,1,0,0,0,0,1
.4.20,4,3,0,0,0,1,0,0,0,1
.4.21,4,3,0,0,0,1,0,0,0,1
.4.22,4,1,0,1,0,0,0,0,1,0
.4.23,4,1,0,1,0,0,0,0,1,0
.4.24,4,1,0,1,0,0,0,0,1,0
.5.1,4,0,1,0,0,0,0,0,0,0
.5.2,4,3,0,0,0,1,0,0,0,1
.5.3,4,0,1,0,0,0,0,0,0,0
.5.4,4,0,1,0,0,0,0,0,0,0
.5.5,4,2,0,0,1,0,0,0,0,1
.5.6,4,2,0,0,1,0,0,0,0,1
.5.7,4,3,0,0,0,1,0,0,0,1
.5.8,4,1,0,1,0,0,0,0,1,0
.5.9,4,2,0,0,1,0,0,0,0,1
.5.10,4,0,1,0,0,0,0,0,0,0
.5.11,4,1,0,1,0,0,0,0,1,0
.5.12,4,3,0,0,0,1,0,0,0,1
.5.13,4,2,0,0,1,0,0,0,0,1
.5.14,4,0,1,0,0,0,0,0,0,0
.5.15,4,0,1,0,0,0,0,0,0,0
.5.16,4,0,1,0,0,0,0,0,0,0
.5.17,4,1,0,1,0,0,0,0,1,0
.5.18,4,0,1,0,0,0,0,0,0,0
.5.19,4,1,0,1,0,0,0,0,1,0
.5.20,4,0,1,0,0,0,0,0,0,0
.5.21,4,0,1,0,0,0,0,0,0,0
.5.22,4,2,0,0,1,0,0,0,0,1
.5.23,4,1,0,1,0,0,0,0,1,0
.5.24,4,0,1,0,0,0,0,0,0,0
.6.1,4,2,0,0,1,0,0,0,0,1
.6.2,4,0,1,0,0,0,0,0,0,0
.6.3,4,0,1,0,0,0,0,0,0,0
.6.4,4,3,0,0,0,1,0,0,0,1
.6.5,4,2,0,0,1,0,0,0,0,1
.6.6,4,2,0,0,1,0,0,0,0,1
.6.7,4,5,0,0,0,0,0,1,0,1
.6.8,4,4,0,0,0,0,1,0,0,1
.6.9,4,0,1,0,0,0,0,0,0,0
.6.10,4,3,0,0,0,1,0,0,0,1
.6.11,4,3,0,0,0,1,0,0,0,1
.6.12,4,1,0,1,0,0,0,0,1,0
.6.13,4,0,1,0,0,0,0,0,0,0
.6.14,4,0,1,0,0,0,0,0,0,0
.6.15,4,1,0,1,0,0,0,0,1,0
.6.16,4,0,1,0,0,0,0,0,0,0
.6.17,4,2,0,0,1,0,0,0,0,1
.6.18,4,2,0,0,1,0,0,0,0,1
.6.19,4,1,0,1,0,0,0,0,1,0
.6.20,4,3,0,0,0,1,0,0,0,1
.6.21,4,0,1,0,0,0,0,0,0,0
.6.22,4,0,1,0,0,0,0,0,0,0
.6.23,4,0,1,0,0,0,0,0,0,0
.6.24,4,4,0,0,0,0,1,0,0,1
.1.1,5,1,0,1,0,0,0,0,1,0
.1.2,5,1,0,1,0,0,0,0,1,0
.1.3,5,5,0,0,0,0,0,1,0,1
.1.4,5,3,0,0,0,1,0,0,0,1
.1.5,5,1,0,1,0,0,0,0,1,0
.1.6,5,3,0,0,0,1,0,0,0,1
.1.7,5,1,0,1,0,0,0,0,1,0
.1.8,5,1,0,1,0,0,0,0,1,0
.1.9,5,2,0,0,1,0,0,0,0,1
.1.10,5,3,0,0,0,1,0,0,0,1
.1.11,5,3,0,0,0,1,0,0,0,1
.1.12,5,2,0,0,1,0,0,0,0,1
.1.13,5,3,0,0,0,1,0,0,0,1
.1.14,5,2,0,0,1,0,0,0,0,1
.1.15,5,0,1,0,0,0,0,0,0,0
.1.16,5,4,0,0,0,0,1,0,0,1
.1.17,5,2,0,0,1,0,0,0,0,1
.1.18,5,1,0,1,0,0,0,0,1,0
.1.19,5,0,1,0,0,0,0,0,0,0
.1.20,5,1,0,1,0,0,0,0,1,0
.1.21,5,1,0,1,0,0,0,0,1,0
.1.22,5,0,1,0,0,0,0,0,0,0
.1.23,5,4,0,0,0,0,1,0,0,1
.1.24,5,0,1,0,0,0,0,0,0,0
.2.1,5,0,1,0,0,0,0,0,0,0
.2.2,5,4,0,0,0,0,1,0,0,1
.2.3,5,2,0,0,1,0,0,0,0,1
.2.4,5,3,0,0,0,1,0,0,0,1
.2.5,5,2,0,0,1,0,0,0,0,1
.2.6,5,1,0,1,0,0,0,0,1,0
.2.7,5,0,1,0,0,0,0,0,0,0
.2.8,5,0,1,0,0,0,0,0,0,0
.2.9,5,2,0,0,1,0,0,0,0,1
.2.10,5,1,0,1,0,0,0,0,1,0
.2.11,5,4,0,0,0,0,1,0,0,1
.2.12,5,2,0,0,1,0,0,0,0,1
.2.13,5,1,0,1,0,0,0,0,1,0
.2.14,5,2,0,0,1,0,0,0,0,1
.2.15,5,1,0,1,0,0,0,0,1,0
.2.16,5,2,0,0,1,0,0,0,0,1
.2.17,5,2,0,0,1,0,0,0,0,1
.2.18,5,0,1,0,0,0,0,0,0,0
.2.19,5,6,0,0,0,0,0,1,0,1
.2.20,5,3,0,0,0,1,0,0,0,1
.2.21,5,5,0,0,0,0,0,1,0,1
.2.22,5,3,0,0,0,1,0,0,0,1
.2.23,5,1,0,1,0,0,0,0,1,0
.2.24,5,1,0,1,0,0,0,0,1,0
.3.1,5,2,0,0,1,0,0,0,0,1
.3.2,5,1,0,1,0,0,0,0,1,0
.3.3,5,2,0,0,1,0,0,0,0,1
.3.4,5,1,0,1,0,0,0,0,1,0
.3.5,5,0,1,0,0,0,0,0,0,0
.3.6,5,1,0,1,0,0,0,0,1,0
.3.7,5,5,0,0,0,0,0,1,0,1
.3.8,5,1,0,1,0,0,0,0,1,0
.3.9,5,1,0,1,0,0,0,0,1,0
.3.10,5,1,0,1,0,0,0,0,1,0
.3.11,5,2,0,0,1,0,0,0,0,1
.3.12,5,1,0,1,0,0,0,0,1,0
.3.13,5,2,0,0,1,0,0,0,0,1
.3.14,5,2,0,0,1,0,0,0,0,1
.3.15,5,3,0,0,0,1,0,0,0,1
.3.16,5,2,0,0,1,0,0,0,0,1
.3.17,5,2,0,0,1,0,0,0,0,1
.3.18,5,2,0,0,1,0,0,0,0,1
.3.19,5,3,0,0,0,1,0,0,0,1
.3.20,5,2,0,0,1,0,0,0,0,1
.3.21,5,0,1,0,0,0,0,0,0,0
.3.22,5,3,0,0,0,1,0,0,0,1
.3.23,5,3,0,0,0,1,0,0,0,1
.3.24,5,2,0,0,1,0,0,0,0,1
.4.1,5,1,0,1,0,0,0,0,1,0
.4.2,5,2,0,0,1,0,0,0,0,1
.4.3,5,1,0,1,0,0,0,0,1,0
.4.4,5,5,0,0,0,0,0,1,0,1
.4.5,5,2,0,0,1,0,0,0,0,1
.4.6,5,1,0,1,0,0,0,0,1,0
.4.7,5,1,0,1,0,0,0,0,1,0
.4.8,5,0,1,0,0,0,0,0,0,0
.4.9,5,2,0,0,1,0,0,0,0,1
.4.10,5,0,1,0,0,0,0,0,0,0
.4.11,5,2,0,0,1,0,0,0,0,1
.4.12,5,2,0,0,1,0,0,0,0,1
.4.13,5,3,0,0,0,1,0,0,0,1
.4.14,5,0,1,0,0,0,0,0,0,0
.4.15,5,6,0,0,0,0,0,1,0,1
.4.16,5,3,0,0,0,1,0,0,0,1
.4.17,5,2,0,0,1,0,0,0,0,1
.4.18,5,1,0,1,0,0,0,0,1,0
.4.19,5,1,0,1,0,0,0,0,1,0
.4.20,5,4,0,0,0,0,1,0,0,1
.4.21,5,1,0,1,0,0,0,0,1,0
.4.22,5,0,1,0,0,0,0,0,0,0
.4.23,5,1,0,1,0,0,0,0,1,0
.4.24,5,0,1,0,0,0,0,0,0,0
.5.1,5,2,0,0,1,0,0,0,0,1
.5.2,5,1,0,1,0,0,0,0,1,0
.5.3,5,0,1,0,0,0,0,0,0,0
.5.4,5,3,0,0,0,1,0,0,0,1
.5.5,5,2,0,0,1,0,0,0,0,1
.5.6,5,1,0,1,0,0,0,0,1,0
.5.7,5,0,1,0,0,0,0,0,0,0
.5.8,5,0,1,0,0,0,0,0,0,0
.5.9,5,1,0,1,0,0,0,0,1,0
.5.10,5,2,0,0,1,0,0,0,0,1
.5.11,5,3,0,0,0,1,0,0,0,1
.5.12,5,1,0,1,0,0,0,0,1,0
.5.13,5,1,0,1,0,0,0,0,1,0
.5.14,5,1,0,1,0,0,0,0,1,0
.5.15,5,4,0,0,0,0,1,0,0,1
.5.16,5,1,0,1,0,0,0,0,1,0
.5.17,5,0,1,0,0,0,0,0,0,0
.5.18,5,0,1,0,0,0,0,0,0,0
.5.19,5,2,0,0,1,0,0,0,0,1
.5.20,5,1,0,1,0,0,0,0,1,0
.5.21,5,5,0,0,0,0,0,1,0,1
.5.22,5,1,0,1,0,0,0,0,1,0
.5.23,5,1,0,1,0,0,0,0,1,0
.5.24,5,0,1,0,0,0,0,0,0,0
.6.1,5,3,0,0,0,1,0,0,0,1
.6.2,5,0,1,0,0,0,0,0,0,0
.6.3,5,0,1,0,0,0,0,0,0,0
.6.4,5,0,1,0,0,0,0,0,0,0
.6.5,5,2,0,0,1,0,0,0,0,1
.6.6,5,2,0,0,1,0,0,0,0,1
.6.7,5,0,1,0,0,0,0,0,0,0
.6.8,5,0,1,0,0,0,0,0,0,0
.6.9,5,1,0,1,0,0,0,0,1,0
.6.10,5,3,0,0,0,1,0,0,0,1
.6.11,5,1,0,1,0,0,0,0,1,0
.6.12,5,6,0,0,0,0,0,1,0,1
.6.13,5,2,0,0,1,0,0,0,0,1
.6.14,5,2,0,0,1,0,0,0,0,1
.6.15,5,0,1,0,0,0,0,0,0,0
.6.16,5,2,0,0,1,0,0,0,0,1
.6.17,5,1,0,1,0,0,0,0,1,0
.6.18,5,2,0,0,1,0,0,0,0,1
.6.19,5,5,0,0,0,0,0,1,0,1
.6.20,5,5,0,0,0,0,0,1,0,1
.6.21,5,1,0,1,0,0,0,0,1,0
.6.22,5,2,0,0,1,0,0,0,0,1
.6.23,5,0,1,0,0,0,0,0,0,0
.6.24,5,3,0,0,0,1,0,0,0,1
.1.1,6,1,0,1,0,0,0,0,1,0
.1.2,6,0,1,0,0,0,0,0,0,0
.1.3,6,0,1,0,0,0,0,0,0,0
.1.4,6,1,0,1,0,0,0,0,1,0
.1.5,6,2,0,0,1,0,0,0,0,1
.1.6,6,2,0,0,1,0,0,0,0,1
.1.7,6,1,0,1,0,0,0,0,1,0
.1.8,6,0,1,0,0,0,0,0,0,0
.1.9,6,3,0,0,0,1,0,0,0,1
.1.10,6,4,0,0,0,0,1,0,0,1
.1.11,6,3,0,0,0,1,0,0,0,1
.1.12,6,0,1,0,0,0,0,0,0,0
.1.13,6,0,1,0,0,0,0,0,0,0
.1.14,6,0,1,0,0,0,0,0,0,0
.1.15,6,0,1,0,0,0,0,0,0,0
.1.16,6,0,1,0,0,0,0,0,0,0
.1.17,6,1,0,1,0,0,0,0,1,0
.1.18,6,0,1,0,0,0,0,0,0,0
.1.19,6,0,1,0,0,0,0,0,0,0
.1.20,6,0,1,0,0,0,0,0,0,0
.1.21,6,0,1,0,0,0,0,0,0,0
.1.22,6,0,1,0,0,0,0,0,0,0
.1.23,6,0,1,0,0,0,0,0,0,0
.1.24,6,0,1,0,0,0,0,0,0,0
.2.1,6,0,1,0,0,0,0,0,0,0
.2.2,6,0,1,0,0,0,0,0,0,0
.2.3,6,0,1,0,0,0,0,0,0,0
.2.4,6,0,1,0,0,0,0,0,0,0
.2.5,6,0,1,0,0,0,0,0,0,0
.2.6,6,0,1,0,0,0,0,0,0,0
.2.7,6,0,1,0,0,0,0,0,0,0
.2.8,6,0,1,0,0,0,0,0,0,0
.2.9,6,0,1,0,0,0,0,0,0,0
.2.10,6,0,1,0,0,0,0,0,0,0
.2.11,6,0,1,0,0,0,0,0,0,0
.2.12,6,0,1,0,0,0,0,0,0,0
.2.13,6,0,1,0,0,0,0,0,0,0
.2.14,6,0,1,0,0,0,0,0,0,0
.2.15,6,0,1,0,0,0,0,0,0,0
.2.16,6,0,1,0,0,0,0,0,0,0
.2.17,6,0,1,0,0,0,0,0,0,0
.2.18,6,0,1,0,0,0,0,0,0,0
.2.19,6,0,1,0,0,0,0,0,0,0
.2.20,6,0,1,0,0,0,0,0,0,0
.2.21,6,0,1,0,0,0,0,0,0,0
.2.22,6,0,1,0,0,0,0,0,0,0
.2.23,6,0,1,0,0,0,0,0,0,0
.2.24,6,0,1,0,0,0,0,0,0,0
.3.1,6,2,0,0,1,0,0,0,0,1
.3.2,6,0,1,0,0,0,0,0,0,0
.3.3,6,2,0,0,1,0,0,0,0,1
.3.4,6,0,1,0,0,0,0,0,0,0
.3.5,6,1,0,1,0,0,0,0,1,0
.3.6,6,2,0,0,1,0,0,0,0,1
.3.7,6,2,0,0,1,0,0,0,0,1
.3.8,6,2,0,0,1,0,0,0,0,1
.3.9,6,2,0,0,1,0,0,0,0,1
.3.10,6,1,0,1,0,0,0,0,1,0
.3.11,6,3,0,0,0,1,0,0,0,1
.3.12,6,1,0,1,0,0,0,0,1,0
.3.13,6,0,1,0,0,0,0,0,0,0
.3.14,6,0,1,0,0,0,0,0,0,0
.3.15,6,2,0,0,1,0,0,0,0,1
.3.16,6,2,0,0,1,0,0,0,0,1
.3.17,6,2,0,0,1,0,0,0,0,1
.3.18,6,2,0,0,1,0,0,0,0,1
.3.19,6,2,0,0,1,0,0,0,0,1
.3.20,6,0,1,0,0,0,0,0,0,0
.3.21,6,0,1,0,0,0,0,0,0,0
.3.22,6,2,0,0,1,0,0,0,0,1
.3.23,6,2,0,0,1,0,0,0,0,1
.3.24,6,1,0,1,0,0,0,0,1,0
.4.1,6,NA,NA,NA,NA,NA,NA,NA,NA,NA
.4.2,6,NA,NA,NA,NA,NA,NA,NA,NA,NA
.4.3,6,NA,NA,NA,NA,NA,NA,NA,NA,NA
.4.4,6,NA,NA,NA,NA,NA,NA,NA,NA,NA
.4.5,6,NA,NA,NA,NA,NA,NA,NA,NA,NA
.4.6,6,NA,NA,NA,NA,NA,NA,NA,NA,NA
.4.7,6,NA,NA,NA,NA,NA,NA,NA,NA,NA
.4.8,6,NA,NA,NA,NA,NA,NA,NA,NA,NA
.4.9,6,NA,NA,NA,NA,NA,NA,NA,NA,NA
.4.10,6,NA,NA,NA,NA,NA,NA,NA,NA,NA
.4.11,6,NA,NA,NA,NA,NA,NA,NA,NA,NA
.4.12,6,NA,NA,NA,NA,NA,NA,NA,NA,NA
.4.13,6,NA,NA,NA,NA,NA,NA,NA,NA,NA
.4.14,6,NA,NA,NA,NA,NA,NA,NA,NA,NA
.4.15,6,NA,NA,NA,NA,NA,NA,NA,NA,NA
.4.16,6,NA,NA,NA,NA,NA,NA,NA,NA,NA
.4.17,6,NA,NA,NA,NA,NA,NA,NA,NA,NA
.4.18,6,NA,NA,NA,NA,NA,NA,NA,NA,NA
.4.19,6,NA,NA,NA,NA,NA,NA,NA,NA,NA
.4.20,6,NA,NA,NA,NA,NA,NA,NA,NA,NA
.4.21,6,NA,NA,NA,NA,NA,NA,NA,NA,NA
.4.22,6,NA,NA,NA,NA,NA,NA,NA,NA,NA
.4.23,6,NA,NA,NA,NA,NA,NA,NA,NA,NA
.4.24,6,NA,NA,NA,NA,NA,NA,NA,NA,NA
.5.1,6,NA,NA,NA,NA,NA,NA,NA,NA,NA
.5.2,6,NA,NA,NA,NA,NA,NA,NA,NA,NA
.5.3,6,NA,NA,NA,NA,NA,NA,NA,NA,NA
.5.4,6,NA,NA,NA,NA,NA,NA,NA,NA,NA
.5.5,6,NA,NA,NA,NA,NA,NA,NA,NA,NA
.5.6,6,NA,NA,NA,NA,NA,NA,NA,NA,NA
.5.7,6,NA,NA,NA,NA,NA,NA,NA,NA,NA
.5.8,6,NA,NA,NA,NA,NA,NA,NA,NA,NA
.5.9,6,NA,NA,NA,NA,NA,NA,NA,NA,NA
.5.10,6,NA,NA,NA,NA,NA,NA,NA,NA,NA
.5.11,6,NA,NA,NA,NA,NA,NA,NA,NA,NA
.5.12,6,NA,NA,NA,NA,NA,NA,NA,NA,NA
.5.13,6,NA,NA,NA,NA,NA,NA,NA,NA,NA
.5.14,6,NA,NA,NA,NA,NA,NA,NA,NA,NA
.5.15,6,NA,NA,NA,NA,NA,NA,NA,NA,NA
.5.16,6,NA,NA,NA,NA,NA,NA,NA,NA,NA
.5.17,6,NA,NA,NA,NA,NA,NA,NA,NA,NA
.5.18,6,NA,NA,NA,NA,NA,NA,NA,NA,NA
.5.19,6,NA,NA,NA,NA,NA,NA,NA,NA,NA
.5.20,6,NA,NA,NA,NA,NA,NA,NA,NA,NA
.5.21,6,NA,NA,NA,NA,NA,NA,NA,NA,NA
.5.22,6,NA,NA,NA,NA,NA,NA,NA,NA,NA
.5.23,6,NA,NA,NA,NA,NA,NA,NA,NA,NA
.5.24,6,NA,NA,NA,NA,NA,NA,NA,NA,NA
.6.1,6,NA,NA,NA,NA,NA,NA,NA,NA,NA
.6.2,6,NA,NA,NA,NA,NA,NA,NA,NA,NA
.6.3,6,NA,NA,NA,NA,NA,NA,NA,NA,NA
.6.4,6,NA,NA,NA,NA,NA,NA,NA,NA,NA
.6.5,6,NA,NA,NA,NA,NA,NA,NA,NA,NA
.6.6,6,NA,NA,NA,NA,NA,NA,NA,NA,NA
.6.7,6,NA,NA,NA,NA,NA,NA,NA,NA,NA
.6.8,6,NA,NA,NA,NA,NA,NA,NA,NA,NA
.6.9,6,NA,NA,NA,NA,NA,NA,NA,NA,NA
.6.10,6,NA,NA,NA,NA,NA,NA,NA,NA,NA
.6.11,6,NA,NA,NA,NA,NA,NA,NA,NA,NA
.6.12,6,NA,NA,NA,NA,NA,NA,NA,NA,NA
.6.13,6,NA,NA,NA,NA,NA,NA,NA,NA,NA
.6.14,6,NA,NA,NA,NA,NA,NA,NA,NA,NA
.6.15,6,NA,NA,NA,NA,NA,NA,NA,NA,NA
.6.16,6,NA,NA,NA,NA,NA,NA,NA,NA,NA
.6.17,6,NA,NA,NA,NA,NA,NA,NA,NA,NA
.6.18,6,NA,NA,NA,NA,NA,NA,NA,NA,NA
.6.19,6,NA,NA,NA,NA,NA,NA,NA,NA,NA
.6.20,6,NA,NA,NA,NA,NA,NA,NA,NA,NA
.6.21,6,NA,NA,NA,NA,NA,NA,NA,NA,NA
.6.22,6,NA,NA,NA,NA,NA,NA,NA,NA,NA
.6.23,6,NA,NA,NA,NA,NA,NA,NA,NA,NA
.6.24,6,NA,NA,NA,NA,NA,NA,NA,NA,NA
.1.1,7,0,1,0,0,0,0,0,0,0
.1.2,7,0,1,0,0,0,0,0,0,0
.1.3,7,0,1,0,0,0,0,0,0,0
.1.4,7,1,0,1,0,0,0,0,1,0
.1.5,7,2,0,0,1,0,0,0,0,1
.1.6,7,0,1,0,0,0,0,0,0,0
.1.7,7,1,0,1,0,0,0,0,1,0
.1.8,7,0,1,0,0,0,0,0,0,0
.1.9,7,0,1,0,0,0,0,0,0,0
.1.10,7,0,1,0,0,0,0,0,0,0
.1.11,7,0,1,0,0,0,0,0,0,0
.1.12,7,0,1,0,0,0,0,0,0,0
.1.13,7,1,0,1,0,0,0,0,1,0
.1.14,7,0,1,0,0,0,0,0,0,0
.1.15,7,0,1,0,0,0,0,0,0,0
.1.16,7,1,0,1,0,0,0,0,1,0
.1.17,7,2,0,0,1,0,0,0,0,1
.1.18,7,0,1,0,0,0,0,0,0,0
.1.19,7,0,1,0,0,0,0,0,0,0
.1.20,7,1,0,1,0,0,0,0,1,0
.1.21,7,0,1,0,0,0,0,0,0,0
.1.22,7,1,0,1,0,0,0,0,1,0
.1.23,7,0,1,0,0,0,0,0,0,0
.1.24,7,0,1,0,0,0,0,0,0,0
.2.1,7,3,0,0,0,1,0,0,0,1
.2.2,7,1,0,1,0,0,0,0,1,0
.2.3,7,1,0,1,0,0,0,0,1,0
.2.4,7,4,0,0,0,0,1,0,0,1
.2.5,7,1,0,1,0,0,0,0,1,0
.2.6,7,2,0,0,1,0,0,0,0,1
.2.7,7,1,0,1,0,0,0,0,1,0
.2.8,7,0,1,0,0,0,0,0,0,0
.2.9,7,1,0,1,0,0,0,0,1,0
.2.10,7,4,0,0,0,0,1,0,0,1
.2.11,7,0,1,0,0,0,0,0,0,0
.2.12,7,1,0,1,0,0,0,0,1,0
.2.13,7,0,1,0,0,0,0,0,0,0
.2.14,7,0,1,0,0,0,0,0,0,0
.2.15,7,0,1,0,0,0,0,0,0,0
.2.16,7,0,1,0,0,0,0,0,0,0
.2.17,7,0,1,0,0,0,0,0,0,0
.2.18,7,4,0,0,0,0,1,0,0,1
.2.19,7,4,0,0,0,0,1,0,0,1
.2.20,7,4,0,0,0,0,1,0,0,1
.2.21,7,0,1,0,0,0,0,0,0,0
.2.22,7,0,1,0,0,0,0,0,0,0
.2.23,7,3,0,0,0,1,0,0,0,1
.2.24,7,3,0,0,0,1,0,0,0,1
.3.1,7,0,1,0,0,0,0,0,0,0
.3.2,7,0,1,0,0,0,0,0,0,0
.3.3,7,0,1,0,0,0,0,0,0,0
.3.4,7,0,1,0,0,0,0,0,0,0
.3.5,7,0,1,0,0,0,0,0,0,0
.3.6,7,0,1,0,0,0,0,0,0,0
.3.7,7,0,1,0,0,0,0,0,0,0
.3.8,7,0,1,0,0,0,0,0,0,0
.3.9,7,0,1,0,0,0,0,0,0,0
.3.10,7,3,0,0,0,1,0,0,0,1
.3.11,7,0,1,0,0,0,0,0,0,0
.3.12,7,0,1,0,0,0,0,0,0,0
.3.13,7,0,1,0,0,0,0,0,0,0
.3.14,7,0,1,0,0,0,0,0,0,0
.3.15,7,0,1,0,0,0,0,0,0,0
.3.16,7,0,1,0,0,0,0,0,0,0
.3.17,7,0,1,0,0,0,0,0,0,0
.3.18,7,0,1,0,0,0,0,0,0,0
.3.19,7,2,0,0,1,0,0,0,0,1
.3.20,7,0,1,0,0,0,0,0,0,0
.3.21,7,0,1,0,0,0,0,0,0,0
.3.22,7,0,1,0,0,0,0,0,0,0
.3.23,7,0,1,0,0,0,0,0,0,0
.3.24,7,0,1,0,0,0,0,0,0,0
.4.1,7,0,1,0,0,0,0,0,0,0
.4.2,7,0,1,0,0,0,0,0,0,0
.4.3,7,0,1,0,0,0,0,0,0,0
.4.4,7,0,1,0,0,0,0,0,0,0
.4.5,7,0,1,0,0,0,0,0,0,0
.4.6,7,0,1,0,0,0,0,0,0,0
.4.7,7,2,0,0,1,0,0,0,0,1
.4.8,7,0,1,0,0,0,0,0,0,0
.4.9,7,0,1,0,0,0,0,0,0,0
.4.10,7,0,1,0,0,0,0,0,0,0
.4.11,7,0,1,0,0,0,0,0,0,0
.4.12,7,0,1,0,0,0,0,0,0,0
.4.13,7,2,0,0,1,0,0,0,0,1
.4.14,7,0,1,0,0,0,0,0,0,0
.4.15,7,0,1,0,0,0,0,0,0,0
.4.16,7,0,1,0,0,0,0,0,0,0
.4.17,7,0,1,0,0,0,0,0,0,0
.4.18,7,0,1,0,0,0,0,0,0,0
.4.19,7,2,0,0,1,0,0,0,0,1
.4.20,7,0,1,0,0,0,0,0,0,0
.4.21,7,2,0,0,1,0,0,0,0,1
.4.22,7,0,1,0,0,0,0,0,0,0
.4.23,7,0,1,0,0,0,0,0,0,0
.4.24,7,0,1,0,0,0,0,0,0,0
.5.1,7,0,1,0,0,0,0,0,0,0
.5.2,7,0,1,0,0,0,0,0,0,0
.5.3,7,0,1,0,0,0,0,0,0,0
.5.4,7,0,1,0,0,0,0,0,0,0
.5.5,7,0,1,0,0,0,0,0,0,0
.5.6,7,2,0,0,1,0,0,0,0,1
.5.7,7,2,0,0,1,0,0,0,0,1
.5.8,7,0,1,0,0,0,0,0,0,0
.5.9,7,0,1,0,0,0,0,0,0,0
.5.10,7,0,1,0,0,0,0,0,0,0
.5.11,7,0,1,0,0,0,0,0,0,0
.5.12,7,0,1,0,0,0,0,0,0,0
.5.13,7,0,1,0,0,0,0,0,0,0
.5.14,7,0,1,0,0,0,0,0,0,0
.5.15,7,0,1,0,0,0,0,0,0,0
.5.16,7,0,1,0,0,0,0,0,0,0
.5.17,7,0,1,0,0,0,0,0,0,0
.5.18,7,0,1,0,0,0,0,0,0,0
.5.19,7,4,0,0,0,0,1,0,0,1
.5.20,7,0,1,0,0,0,0,0,0,0
.5.21,7,4,0,0,0,0,1,0,0,1
.5.22,7,0,1,0,0,0,0,0,0,0
.5.23,7,0,1,0,0,0,0,0,0,0
.5.24,7,0,1,0,0,0,0,0,0,0
.6.1,7,0,1,0,0,0,0,0,0,0
.6.2,7,0,1,0,0,0,0,0,0,0
.6.3,7,0,1,0,0,0,0,0,0,0
.6.4,7,0,1,0,0,0,0,0,0,0
.6.5,7,0,1,0,0,0,0,0,0,0
.6.6,7,0,1,0,0,0,0,0,0,0
.6.7,7,0,1,0,0,0,0,0,0,0
.6.8,7,0,1,0,0,0,0,0,0,0
.6.9,7,0,1,0,0,0,0,0,0,0
.6.10,7,0,1,0,0,0,0,0,0,0
.6.11,7,0,1,0,0,0,0,0,0,0
.6.12,7,0,1,0,0,0,0,0,0,0
.6.13,7,0,1,0,0,0,0,0,0,0
.6.14,7,0,1,0,0,0,0,0,0,0
.6.15,7,0,1,0,0,0,0,0,0,0
.6.16,7,0,1,0,0,0,0,0,0,0
.6.17,7,0,1,0,0,0,0,0,0,0
.6.18,7,0,1,0,0,0,0,0,0,0
.6.19,7,0,1,0,0,0,0,0,0,0
.6.20,7,0,1,0,0,0,0,0,0,0
.6.21,7,0,1,0,0,0,0,0,0,0
.6.22,7,0,1,0,0,0,0,0,0,0
.6.23,7,0,1,0,0,0,0,0,0,0
.6.24,7,0,1,0,0,0,0,0,0,0
.1.1,8,1,0,1,0,0,0,0,1,0
.1.2,8,0,1,0,0,0,0,0,0,0
.1.3,8,1,0,1,0,0,0,0,1,0
.1.4,8,0,1,0,0,0,0,0,0,0
.1.5,8,0,1,0,0,0,0,0,0,0
.1.6,8,0,1,0,0,0,0,0,0,0
.1.7,8,1,0,1,0,0,0,0,1,0
.1.8,8,0,1,0,0,0,0,0,0,0
.1.9,8,0,1,0,0,0,0,0,0,0
.1.10,8,1,0,1,0,0,0,0,1,0
.1.11,8,1,0,1,0,0,0,0,1,0
.1.12,8,0,1,0,0,0,0,0,0,0
.1.13,8,1,0,1,0,0,0,0,1,0
.1.14,8,1,0,1,0,0,0,0,1,0
.1.15,8,1,0,1,0,0,0,0,1,0
.1.16,8,1,0,1,0,0,0,0,1,0
.1.17,8,0,1,0,0,0,0,0,0,0
.1.18,8,0,1,0,0,0,0,0,0,0
.1.19,8,0,1,0,0,0,0,0,0,0
.1.20,8,0,1,0,0,0,0,0,0,0
.1.21,8,0,1,0,0,0,0,0,0,0
.1.22,8,0,1,0,0,0,0,0,0,0
.1.23,8,1,0,1,0,0,0,0,1,0
.1.24,8,1,0,1,0,0,0,0,1,0
.2.1,8,0,1,0,0,0,0,0,0,0
.2.2,8,0,1,0,0,0,0,0,0,0
.2.3,8,0,1,0,0,0,0,0,0,0
.2.4,8,0,1,0,0,0,0,0,0,0
.2.5,8,0,1,0,0,0,0,0,0,0
.2.6,8,0,1,0,0,0,0,0,0,0
.2.7,8,0,1,0,0,0,0,0,0,0
.2.8,8,0,1,0,0,0,0,0,0,0
.2.9,8,0,1,0,0,0,0,0,0,0
.2.10,8,0,1,0,0,0,0,0,0,0
.2.11,8,0,1,0,0,0,0,0,0,0
.2.12,8,0,1,0,0,0,0,0,0,0
.2.13,8,0,1,0,0,0,0,0,0,0
.2.14,8,0,1,0,0,0,0,0,0,0
.2.15,8,0,1,0,0,0,0,0,0,0
.2.16,8,0,1,0,0,0,0,0,0,0
.2.17,8,0,1,0,0,0,0,0,0,0
.2.18,8,0,1,0,0,0,0,0,0,0
.2.19,8,0,1,0,0,0,0,0,0,0
.2.20,8,0,1,0,0,0,0,0,0,0
.2.21,8,0,1,0,0,0,0,0,0,0
.2.22,8,0,1,0,0,0,0,0,0,0
.2.23,8,0,1,0,0,0,0,0,0,0
.2.24,8,0,1,0,0,0,0,0,0,0
.3.1,8,0,1,0,0,0,0,0,0,0
.3.2,8,0,1,0,0,0,0,0,0,0
.3.3,8,2,0,0,1,0,0,0,0,1
.3.4,8,0,1,0,0,0,0,0,0,0
.3.5,8,0,1,0,0,0,0,0,0,0
.3.6,8,0,1,0,0,0,0,0,0,0
.3.7,8,2,0,0,1,0,0,0,0,1
.3.8,8,0,1,0,0,0,0,0,0,0
.3.9,8,0,1,0,0,0,0,0,0,0
.3.10,8,0,1,0,0,0,0,0,0,0
.3.11,8,0,1,0,0,0,0,0,0,0
.3.12,8,0,1,0,0,0,0,0,0,0
.3.13,8,0,1,0,0,0,0,0,0,0
.3.14,8,0,1,0,0,0,0,0,0,0
.3.15,8,0,1,0,0,0,0,0,0,0
.3.16,8,0,1,0,0,0,0,0,0,0
.3.17,8,0,1,0,0,0,0,0,0,0
.3.18,8,0,1,0,0,0,0,0,0,0
.3.19,8,2,0,0,1,0,0,0,0,1
.3.20,8,2,0,0,1,0,0,0,0,1
.3.21,8,0,1,0,0,0,0,0,0,0
.3.22,8,0,1,0,0,0,0,0,0,0
.3.23,8,0,1,0,0,0,0,0,0,0
.3.24,8,0,1,0,0,0,0,0,0,0
.4.1,8,0,1,0,0,0,0,0,0,0
.4.2,8,0,1,0,0,0,0,0,0,0
.4.3,8,0,1,0,0,0,0,0,0,0
.4.4,8,0,1,0,0,0,0,0,0,0
.4.5,8,0,1,0,0,0,0,0,0,0
.4.6,8,0,1,0,0,0,0,0,0,0
.4.7,8,0,1,0,0,0,0,0,0,0
.4.8,8,0,1,0,0,0,0,0,0,0
.4.9,8,0,1,0,0,0,0,0,0,0
.4.10,8,0,1,0,0,0,0,0,0,0
.4.11,8,0,1,0,0,0,0,0,0,0
.4.12,8,0,1,0,0,0,0,0,0,0
.4.13,8,0,1,0,0,0,0,0,0,0
.4.14,8,0,1,0,0,0,0,0,0,0
.4.15,8,2,0,0,1,0,0,0,0,1
.4.16,8,0,1,0,0,0,0,0,0,0
.4.17,8,2,0,0,1,0,0,0,0,1
.4.18,8,0,1,0,0,0,0,0,0,0
.4.19,8,0,1,0,0,0,0,0,0,0
.4.20,8,0,1,0,0,0,0,0,0,0
.4.21,8,0,1,0,0,0,0,0,0,0
.4.22,8,0,1,0,0,0,0,0,0,0
.4.23,8,0,1,0,0,0,0,0,0,0
.4.24,8,0,1,0,0,0,0,0,0,0
.5.1,8,0,1,0,0,0,0,0,0,0
.5.2,8,0,1,0,0,0,0,0,0,0
.5.3,8,0,1,0,0,0,0,0,0,0
.5.4,8,0,1,0,0,0,0,0,0,0
.5.5,8,0,1,0,0,0,0,0,0,0
.5.6,8,0,1,0,0,0,0,0,0,0
.5.7,8,0,1,0,0,0,0,0,0,0
.5.8,8,0,1,0,0,0,0,0,0,0
.5.9,8,0,1,0,0,0,0,0,0,0
.5.10,8,0,1,0,0,0,0,0,0,0
.5.11,8,1,0,1,0,0,0,0,1,0
.5.12,8,0,1,0,0,0,0,0,0,0
.5.13,8,0,1,0,0,0,0,0,0,0
.5.14,8,0,1,0,0,0,0,0,0,0
.5.15,8,0,1,0,0,0,0,0,0,0
.5.16,8,0,1,0,0,0,0,0,0,0
.5.17,8,0,1,0,0,0,0,0,0,0
.5.18,8,0,1,0,0,0,0,0,0,0
.5.19,8,0,1,0,0,0,0,0,0,0
.5.20,8,0,1,0,0,0,0,0,0,0
.5.21,8,0,1,0,0,0,0,0,0,0
.5.22,8,0,1,0,0,0,0,0,0,0
.5.23,8,0,1,0,0,0,0,0,0,0
.5.24,8,0,1,0,0,0,0,0,0,0
.6.1,8,0,1,0,0,0,0,0,0,0
.6.2,8,0,1,0,0,0,0,0,0,0
.6.3,8,0,1,0,0,0,0,0,0,0
.6.4,8,0,1,0,0,0,0,0,0,0
.6.5,8,0,1,0,0,0,0,0,0,0
.6.6,8,0,1,0,0,0,0,0,0,0
.6.7,8,0,1,0,0,0,0,0,0,0
.6.8,8,0,1,0,0,0,0,0,0,0
.6.9,8,0,1,0,0,0,0,0,0,0
.6.10,8,0,1,0,0,0,0,0,0,0
.6.11,8,0,1,0,0,0,0,0,0,0
.6.12,8,0,1,0,0,0,0,0,0,0
.6.13,8,0,1,0,0,0,0,0,0,0
.6.14,8,0,1,0,0,0,0,0,0,0
.6.15,8,0,1,0,0,0,0,0,0,0
.6.16,8,0,1,0,0,0,0,0,0,0
.6.17,8,0,1,0,0,0,0,0,0,0
.6.18,8,0,1,0,0,0,0,0,0,0
.6.19,8,0,1,0,0,0,0,0,0,0
.6.20,8,0,1,0,0,0,0,0,0,0
.6.21,8,0,1,0,0,0,0,0,0,0
.6.22,8,0,1,0,0,0,0,0,0,0
.6.23,8,0,1,0,0,0,0,0,0,0
.6.24,8,0,1,0,0,0,0,0,0,0
.1.1,9,0,1,0,0,0,0,0,0,0
.1.2,9,0,1,0,0,0,0,0,0,0
.1.3,9,0,1,0,0,0,0,0,0,0
.1.4,9,0,1,0,0,0,0,0,0,0
.1.5,9,0,1,0,0,0,0,0,0,0
.1.6,9,0,1,0,0,0,0,0,0,0
.1.7,9,0,1,0,0,0,0,0,0,0
.1.8,9,0,1,0,0,0,0,0,0,0
.1.9,9,0,1,0,0,0,0,0,0,0
.1.10,9,0,1,0,0,0,0,0,0,0
.1.11,9,0,1,0,0,0,0,0,0,0
.1.12,9,0,1,0,0,0,0,0,0,0
.1.13,9,0,1,0,0,0,0,0,0,0
.1.14,9,0,1,0,0,0,0,0,0,0
.1.15,9,0,1,0,0,0,0,0,0,0
.1.16,9,0,1,0,0,0,0,0,0,0
.1.17,9,0,1,0,0,0,0,0,0,0
.1.18,9,0,1,0,0,0,0,0,0,0
.1.19,9,0,1,0,0,0,0,0,0,0
.1.20,9,0,1,0,0,0,0,0,0,0
.1.21,9,0,1,0,0,0,0,0,0,0
.1.22,9,0,1,0,0,0,0,0,0,0
.1.23,9,0,1,0,0,0,0,0,0,0
.1.24,9,0,1,0,0,0,0,0,0,0
.2.1,9,0,1,0,0,0,0,0,0,0
.2.2,9,0,1,0,0,0,0,0,0,0
.2.3,9,0,1,0,0,0,0,0,0,0
.2.4,9,0,1,0,0,0,0,0,0,0
.2.5,9,0,1,0,0,0,0,0,0,0
.2.6,9,0,1,0,0,0,0,0,0,0
.2.7,9,0,1,0,0,0,0,0,0,0
.2.8,9,0,1,0,0,0,0,0,0,0
.2.9,9,0,1,0,0,0,0,0,0,0
.2.10,9,0,1,0,0,0,0,0,0,0
.2.11,9,0,1,0,0,0,0,0,0,0
.2.12,9,0,1,0,0,0,0,0,0,0
.2.13,9,0,1,0,0,0,0,0,0,0
.2.14,9,0,1,0,0,0,0,0,0,0
.2.15,9,0,1,0,0,0,0,0,0,0
.2.16,9,0,1,0,0,0,0,0,0,0
.2.17,9,0,1,0,0,0,0,0,0,0
.2.18,9,0,1,0,0,0,0,0,0,0
.2.19,9,0,1,0,0,0,0,0,0,0
.2.20,9,0,1,0,0,0,0,0,0,0
.2.21,9,0,1,0,0,0,0,0,0,0
.2.22,9,0,1,0,0,0,0,0,0,0
.2.23,9,0,1,0,0,0,0,0,0,0
.2.24,9,0,1,0,0,0,0,0,0,0
.3.1,9,2,0,0,1,0,0,0,0,1
.3.2,9,2,0,0,1,0,0,0,0,1
.3.3,9,2,0,0,1,0,0,0,0,1
.3.4,9,0,1,0,0,0,0,0,0,0
.3.5,9,0,1,0,0,0,0,0,0,0
.3.6,9,0,1,0,0,0,0,0,0,0
.3.7,9,3,0,0,0,1,0,0,0,1
.3.8,9,0,1,0,0,0,0,0,0,0
.3.9,9,0,1,0,0,0,0,0,0,0
.3.10,9,2,0,0,1,0,0,0,0,1
.3.11,9,0,1,0,0,0,0,0,0,0
.3.12,9,2,0,0,1,0,0,0,0,1
.3.13,9,2,0,0,1,0,0,0,0,1
.3.14,9,2,0,0,1,0,0,0,0,1
.3.15,9,2,0,0,1,0,0,0,0,1
.3.16,9,2,0,0,1,0,0,0,0,1
.3.17,9,3,0,0,0,1,0,0,0,1
.3.18,9,0,1,0,0,0,0,0,0,0
.3.19,9,2,0,0,1,0,0,0,0,1
.3.20,9,2,0,0,1,0,0,0,0,1
.3.21,9,2,0,0,1,0,0,0,0,1
.3.22,9,0,1,0,0,0,0,0,0,0
.3.23,9,0,1,0,0,0,0,0,0,0
.3.24,9,0,1,0,0,0,0,0,0,0
.4.1,9,0,1,0,0,0,0,0,0,0
.4.2,9,0,1,0,0,0,0,0,0,0
.4.3,9,0,1,0,0,0,0,0,0,0
.4.4,9,0,1,0,0,0,0,0,0,0
.4.5,9,0,1,0,0,0,0,0,0,0
.4.6,9,0,1,0,0,0,0,0,0,0
.4.7,9,0,1,0,0,0,0,0,0,0
.4.8,9,0,1,0,0,0,0,0,0,0
.4.9,9,0,1,0,0,0,0,0,0,0
.4.10,9,0,1,0,0,0,0,0,0,0
.4.11,9,0,1,0,0,0,0,0,0,0
.4.12,9,0,1,0,0,0,0,0,0,0
.4.13,9,0,1,0,0,0,0,0,0,0
.4.14,9,1,0,1,0,0,0,0,1,0
.4.15,9,0,1,0,0,0,0,0,0,0
.4.16,9,1,0,1,0,0,0,0,1,0
.4.17,9,0,1,0,0,0,0,0,0,0
.4.18,9,0,1,0,0,0,0,0,0,0
.4.19,9,0,1,0,0,0,0,0,0,0
.4.20,9,0,1,0,0,0,0,0,0,0
.4.21,9,0,1,0,0,0,0,0,0,0
.4.22,9,0,1,0,0,0,0,0,0,0
.4.23,9,0,1,0,0,0,0,0,0,0
.4.24,9,0,1,0,0,0,0,0,0,0
.5.1,9,0,1,0,0,0,0,0,0,0
.5.2,9,0,1,0,0,0,0,0,0,0
.5.3,9,0,1,0,0,0,0,0,0,0
.5.4,9,0,1,0,0,0,0,0,0,0
.5.5,9,0,1,0,0,0,0,0,0,0
.5.6,9,0,1,0,0,0,0,0,0,0
.5.7,9,0,1,0,0,0,0,0,0,0
.5.8,9,0,1,0,0,0,0,0,0,0
.5.9,9,0,1,0,0,0,0,0,0,0
.5.10,9,0,1,0,0,0,0,0,0,0
.5.11,9,0,1,0,0,0,0,0,0,0
.5.12,9,0,1,0,0,0,0,0,0,0
.5.13,9,0,1,0,0,0,0,0,0,0
.5.14,9,0,1,0,0,0,0,0,0,0
.5.15,9,0,1,0,0,0,0,0,0,0
.5.16,9,0,1,0,0,0,0,0,0,0
.5.17,9,0,1,0,0,0,0,0,0,0
.5.18,9,0,1,0,0,0,0,0,0,0
.5.19,9,0,1,0,0,0,0,0,0,0
.5.20,9,0,1,0,0,0,0,0,0,0
.5.21,9,0,1,0,0,0,0,0,0,0
.5.22,9,0,1,0,0,0,0,0,0,0
.5.23,9,0,1,0,0,0,0,0,0,0
.5.24,9,0,1,0,0,0,0,0,0,0
.6.1,9,0,1,0,0,0,0,0,0,0
.6.2,9,0,1,0,0,0,0,0,0,0
.6.3,9,0,1,0,0,0,0,0,0,0
.6.4,9,0,1,0,0,0,0,0,0,0
.6.5,9,0,1,0,0,0,0,0,0,0
.6.6,9,0,1,0,0,0,0,0,0,0
.6.7,9,0,1,0,0,0,0,0,0,0
.6.8,9,0,1,0,0,0,0,0,0,0
.6.9,9,0,1,0,0,0,0,0,0,0
.6.10,9,0,1,0,0,0,0,0,0,0
.6.11,9,0,1,0,0,0,0,0,0,0
.6.12,9,0,1,0,0,0,0,0,0,0
.6.13,9,0,1,0,0,0,0,0,0,0
.6.14,9,0,1,0,0,0,0,0,0,0
.6.15,9,0,1,0,0,0,0,0,0,0
.6.16,9,0,1,0,0,0,0,0,0,0
.6.17,9,0,1,0,0,0,0,0,0,0
.6.18,9,0,1,0,0,0,0,0,0,0
.6.19,9,0,1,0,0,0,0,0,0,0
.6.20,9,0,1,0,0,0,0,0,0,0
.6.21,9,0,1,0,0,0,0,0,0,0
.6.22,9,0,1,0,0,0,0,0,0,0
.6.23,9,0,1,0,0,0,0,0,0,0
.6.24,9,0,1,0,0,0,0,0,0,0